p_sigma,p_mu,p_sig_scalar,p_defect,defect_coordinate,defect_type,distance,rounds,shots,errors,ler_shot,mu_out,sigma_out,ler_round,noise_model
0.00863069932972596,0.0143844988828766,0.6,0.0,"(2, 2)",center data,3,3,50000,20723,0.41446,0.018020194117647062,0.007580645351269911,0.1381533333,heterogeneous-defect-sig-scalar
0.0032733568687011117,0.00545559478116852,0.6,0.0,"(2, 2)",center data,3,3,50000,8860,0.1772,0.007346252941176471,0.0035316689689183444,0.05906666667,heterogeneous-defect-sig-scalar
0.001581990539238216,0.00263665089873036,0.6,0.0,"(2, 2)",center data,3,3,50000,4066,0.08132,0.00229364,0.001340746534501011,0.02710666667,heterogeneous-defect-sig-scalar
0.0067730273501081404,0.0112883789168469,0.6,0.0,"(2, 2)",center data,3,3,50000,16081,0.32162,0.012359658823529412,0.0059074849120375715,0.1072066667,heterogeneous-defect-sig-scalar
0.000974266043513232,0.00162377673918872,0.6,0.0,"(2, 2)",center data,3,3,50000,3345,0.0669,0.0017040452941176469,0.000747937103010813,0.0223,heterogeneous-defect-sig-scalar
0.001241482848668874,0.00206913808111479,0.6,0.0,"(2, 2)",center data,3,3,50000,2804,0.05608,0.002345564705882353,0.0011051402652211839,0.01869333333,heterogeneous-defect-sig-scalar
0.0006,0.001,0.6,0.0,"(2, 2)",center data,3,3,50000,1111,0.02222,0.001038349411764706,0.0005815131305732191,0.007406666667,heterogeneous-defect-sig-scalar
0.000764564991421878,0.00127427498570313,0.6,0.0,"(2, 2)",center data,3,3,50000,2909,0.05818,0.0015559876470588236,0.0008271124494538348,0.01939333333,heterogeneous-defect-sig-scalar
0.0053152007424604915,0.00885866790410082,0.6,0.0,"(2, 2)",center data,3,3,50000,10953,0.21906,0.00991250705882353,0.0059108613464365104,0.07302,heterogeneous-defect-sig-scalar
0.002015890971770268,0.00335981828628378,0.6,0.0,"(2, 2)",center data,3,3,50000,3939,0.07878,0.0037210405882352944,0.0017126480410737555,0.02626,heterogeneous-defect-sig-scalar
0.00256879943923164,0.0042813323987194,0.6,0.0,"(2, 2)",center data,3,3,50000,4814,0.09628,0.0048215164705882356,0.0017681331945733753,0.03209333333,heterogeneous-defect-sig-scalar
0.00417115677706536,0.0069519279617756,0.6,0.0,"(2, 2)",center data,3,3,50000,9931,0.19862,0.0075452117647058815,0.004105903923101945,0.06620666667,heterogeneous-defect-sig-scalar
0.01099788426499464,0.0183298071083244,0.6,0.0,"(2, 2)",center data,3,3,50000,21846,0.43692,0.020215341176470586,0.012069564162902575,0.14564,heterogeneous-defect-sig-scalar
0.014014328814540719,0.0233572146909012,0.6,0.0,"(2, 2)",center data,3,3,50000,22138,0.44276,0.021550482352941176,0.014247276464860193,0.1475866667,heterogeneous-defect-sig-scalar
0.01785810864978792,0.0297635144163132,0.6,0.0,"(2, 2)",center data,3,3,50000,24636,0.49272,0.037479470588235295,0.015668220099062446,0.16424,heterogeneous-defect-sig-scalar
0.028997581431430497,0.0483293023857175,0.6,0.0,"(2, 2)",center data,3,3,50000,24543,0.49086,0.04807152941176471,0.024175024489598025,0.16362,heterogeneous-defect-sig-scalar
0.0227561411443935,0.0379269019073225,0.6,0.0,"(2, 2)",center data,3,3,50000,24627,0.49254,0.04103618823529411,0.017462674737578142,0.16418,heterogeneous-defect-sig-scalar
0.03695089266396156,0.0615848211066026,0.6,0.0,"(2, 2)",center data,3,3,50000,24883,0.49766,0.06167283529411764,0.037810495175871955,0.1658866667,heterogeneous-defect-sig-scalar
0.04708559822108766,0.0784759970351461,0.6,0.0,"(2, 2)",center data,3,3,50000,24880,0.4976,0.07581935294117648,0.037438350238509645,0.1658666667,heterogeneous-defect-sig-scalar
0.06,0.1,0.6,0.0,"(2, 2)",center data,3,3,50000,24957,0.49914,0.11693111764705882,0.05079592127313136,0.16638,heterogeneous-defect-sig-scalar
0.0006,0.001,0.6,0.05,"(2, 2)",center data,3,3,50000,2023,0.04046,0.0011381685625,0.0006324548455243632,0.01348666667,heterogeneous-defect-sig-scalar
0.000764564991421878,0.00127427498570313,0.6,0.05,"(2, 2)",center data,3,3,50000,2726,0.05452,0.001487848125,0.0006835103814429115,0.01817333333,heterogeneous-defect-sig-scalar
0.000974266043513232,0.00162377673918872,0.6,0.05,"(2, 2)",center data,3,3,50000,4256,0.08512,0.0021699181249999998,0.0012445082556185535,0.02837333333,heterogeneous-defect-sig-scalar
0.001241482848668874,0.00206913808111479,0.6,0.05,"(2, 2)",center data,3,3,50000,3774,0.07548,0.00235518125,0.0008045333734677746,0.02516,heterogeneous-defect-sig-scalar
0.001581990539238216,0.00263665089873036,0.6,0.05,"(2, 2)",center data,3,3,50000,5246,0.10492,0.00250044375,0.0013320385621664404,0.03497333333,heterogeneous-defect-sig-scalar
0.002015890971770268,0.00335981828628378,0.6,0.05,"(2, 2)",center data,3,3,50000,5284,0.10568,0.00350936875,0.0017754201294055548,0.03522666667,heterogeneous-defect-sig-scalar
0.00256879943923164,0.0042813323987194,0.6,0.05,"(2, 2)",center data,3,3,50000,8507,0.17014,0.00548335,0.0020434272827776377,0.05671333333,heterogeneous-defect-sig-scalar
0.0032733568687011117,0.00545559478116852,0.6,0.05,"(2, 2)",center data,3,3,50000,8820,0.1764,0.006417764374999999,0.0026796704812648343,0.0588,heterogeneous-defect-sig-scalar
0.00417115677706536,0.0069519279617756,0.6,0.05,"(2, 2)",center data,3,3,50000,11874,0.23748,0.0073830562500000006,0.004016752523178511,0.07916,heterogeneous-defect-sig-scalar
0.0053152007424604915,0.00885866790410082,0.6,0.05,"(2, 2)",center data,3,3,50000,13609,0.27218,0.0091444375,0.0046673923302893395,0.09072666667,heterogeneous-defect-sig-scalar
0.0067730273501081404,0.0112883789168469,0.6,0.05,"(2, 2)",center data,3,3,50000,15130,0.3026,0.012705768749999999,0.004011751348338832,0.1008666667,heterogeneous-defect-sig-scalar
0.00863069932972596,0.0143844988828766,0.6,0.05,"(2, 2)",center data,3,3,50000,16969,0.33938,0.014651168749999999,0.006921554750534626,0.1131266667,heterogeneous-defect-sig-scalar
0.01099788426499464,0.0183298071083244,0.6,0.05,"(2, 2)",center data,3,3,50000,19103,0.38206,0.0170098125,0.008637368881123103,0.1273533333,heterogeneous-defect-sig-scalar
0.014014328814540719,0.0233572146909012,0.6,0.05,"(2, 2)",center data,3,3,50000,22541,0.45082,0.0264568125,0.011134771361700416,0.1502733333,heterogeneous-defect-sig-scalar
0.01785810864978792,0.0297635144163132,0.6,0.05,"(2, 2)",center data,3,3,50000,24094,0.48188,0.030354043750000004,0.0133990657908009,0.1606266667,heterogeneous-defect-sig-scalar
0.0227561411443935,0.0379269019073225,0.6,0.05,"(2, 2)",center data,3,3,50000,24342,0.48684,0.04206269,0.025125421046014333,0.16228,heterogeneous-defect-sig-scalar
0.03695089266396156,0.0615848211066026,0.6,0.05,"(2, 2)",center data,3,3,50000,24778,0.49556,0.05373769125,0.032289932249501524,0.1651866667,heterogeneous-defect-sig-scalar
0.028997581431430497,0.0483293023857175,0.6,0.05,"(2, 2)",center data,3,3,50000,24702,0.49404,0.049980712499999996,0.021510547317300968,0.16468,heterogeneous-defect-sig-scalar
0.04708559822108766,0.0784759970351461,0.6,0.05,"(2, 2)",center data,3,3,50000,24994,0.49988,0.07541049999999999,0.04425335791060098,0.1666266667,heterogeneous-defect-sig-scalar
0.06,0.1,0.6,0.05,"(2, 2)",center data,3,3,50000,25023,0.50046,0.089874853125,0.04398350924467128,0.16682,heterogeneous-defect-sig-scalar
0.0006,0.001,0.6,0.25,"(2, 2)",center data,3,3,50000,963,0.01926,0.00106201929375,0.00057836587917488,0.00642,heterogeneous-defect-sig-scalar
0.000764564991421878,0.00127427498570313,0.6,0.25,"(2, 2)",center data,3,3,50000,1790,0.0358,0.0012242625,0.0007960636796960718,0.01193333333,heterogeneous-defect-sig-scalar
0.000974266043513232,0.00162377673918872,0.6,0.25,"(2, 2)",center data,3,3,50000,3300,0.066,0.001883376875,0.0009090791958949366,0.022,heterogeneous-defect-sig-scalar
0.001241482848668874,0.00206913808111479,0.6,0.25,"(2, 2)",center data,3,3,50000,6028,0.12056,0.00275061,0.001265019856326374,0.04018666667,heterogeneous-defect-sig-scalar
0.001581990539238216,0.00263665089873036,0.6,0.25,"(2, 2)",center data,3,3,50000,5609,0.11218,0.003294625,0.0015284701017275412,0.03739333333,heterogeneous-defect-sig-scalar
0.00256879943923164,0.0042813323987194,0.6,0.25,"(2, 2)",center data,3,3,50000,3642,0.07284,0.0035621299999999997,0.0020069238277772277,0.02428,heterogeneous-defect-sig-scalar
0.002015890971770268,0.00335981828628378,0.6,0.25,"(2, 2)",center data,3,3,50000,5169,0.10338,0.003218503125,0.0019372369508907485,0.03446,heterogeneous-defect-sig-scalar
0.0032733568687011117,0.00545559478116852,0.6,0.25,"(2, 2)",center data,3,3,50000,7550,0.151,0.00542660625,0.002517542794936352,0.05033333333,heterogeneous-defect-sig-scalar
0.00417115677706536,0.0069519279617756,0.6,0.25,"(2, 2)",center data,3,3,50000,14899,0.29798,0.009355925000000001,0.00407877676079177,0.09932666667,heterogeneous-defect-sig-scalar
0.0053152007424604915,0.00885866790410082,0.6,0.25,"(2, 2)",center data,3,3,50000,12277,0.24554,0.01031545625,0.004380790413551068,0.08184666667,heterogeneous-defect-sig-scalar
0.0067730273501081404,0.0112883789168469,0.6,0.25,"(2, 2)",center data,3,3,50000,18834,0.37668,0.01259131875,0.0055668637449890436,0.12556,heterogeneous-defect-sig-scalar
0.00863069932972596,0.0143844988828766,0.6,0.25,"(2, 2)",center data,3,3,50000,16711,0.33422,0.0118469575,0.006231432296899626,0.1114066667,heterogeneous-defect-sig-scalar
0.01099788426499464,0.0183298071083244,0.6,0.25,"(2, 2)",center data,3,3,50000,21758,0.43516,0.018248675,0.009229390409684434,0.1450533333,heterogeneous-defect-sig-scalar
0.014014328814540719,0.0233572146909012,0.6,0.25,"(2, 2)",center data,3,3,50000,21542,0.43084,0.02239974375,0.010566040677801735,0.1436133333,heterogeneous-defect-sig-scalar
0.01785810864978792,0.0297635144163132,0.6,0.25,"(2, 2)",center data,3,3,50000,23193,0.46386,0.027666781249999998,0.018813703875440728,0.15462,heterogeneous-defect-sig-scalar
0.0227561411443935,0.0379269019073225,0.6,0.25,"(2, 2)",center data,3,3,50000,24036,0.48072,0.0373366375,0.019216017768936774,0.16024,heterogeneous-defect-sig-scalar
0.028997581431430497,0.0483293023857175,0.6,0.25,"(2, 2)",center data,3,3,50000,24934,0.49868,0.04983178125,0.022978818282393756,0.1662266667,heterogeneous-defect-sig-scalar
0.03695089266396156,0.0615848211066026,0.6,0.25,"(2, 2)",center data,3,3,50000,24733,0.49466,0.062190875,0.03554461635373738,0.1648866667,heterogeneous-defect-sig-scalar
0.04708559822108766,0.0784759970351461,0.6,0.25,"(2, 2)",center data,3,3,50000,24867,0.49734,0.0814405625,0.04268817130360697,0.16578,heterogeneous-defect-sig-scalar
0.06,0.1,0.6,0.25,"(2, 2)",center data,3,3,50000,25228,0.50456,0.0998663375,0.049874538062608595,0.1681866667,heterogeneous-defect-sig-scalar
0.0006,0.001,0.6,0.5,"(2, 2)",center data,3,3,50000,2041,0.04082,0.001054603125,0.0005672577673963437,0.01360666667,heterogeneous-defect-sig-scalar
0.000764564991421878,0.00127427498570313,0.6,0.5,"(2, 2)",center data,3,3,50000,2114,0.04228,0.00135177125,0.00044925430753186716,0.01409333333,heterogeneous-defect-sig-scalar
0.000974266043513232,0.00162377673918872,0.6,0.5,"(2, 2)",center data,3,3,50000,3247,0.06494,0.0023457,0.0008025670517159298,0.02164666667,heterogeneous-defect-sig-scalar
0.001241482848668874,0.00206913808111479,0.6,0.5,"(2, 2)",center data,3,3,50000,3947,0.07894,0.002416768125,0.0009855325153135407,0.02631333333,heterogeneous-defect-sig-scalar
0.001581990539238216,0.00263665089873036,0.6,0.5,"(2, 2)",center data,3,3,50000,3282,0.06564,0.0025382218749999998,0.0009960090971234822,0.02188,heterogeneous-defect-sig-scalar
0.002015890971770268,0.00335981828628378,0.6,0.5,"(2, 2)",center data,3,3,50000,5857,0.11714,0.00386769625,0.002219284076106738,0.03904666667,heterogeneous-defect-sig-scalar
0.00256879943923164,0.0042813323987194,0.6,0.5,"(2, 2)",center data,3,3,50000,8606,0.17212,0.00459101,0.002511183322409975,0.05737333333,heterogeneous-defect-sig-scalar
0.0032733568687011117,0.00545559478116852,0.6,0.5,"(2, 2)",center data,3,3,50000,6421,0.12842,0.004854501875,0.002819571122006454,0.04280666667,heterogeneous-defect-sig-scalar
0.00417115677706536,0.0069519279617756,0.6,0.5,"(2, 2)",center data,3,3,50000,10627,0.21254,0.0059064875,0.0026612542113341503,0.07084666667,heterogeneous-defect-sig-scalar
0.0053152007424604915,0.00885866790410082,0.6,0.5,"(2, 2)",center data,3,3,50000,12739,0.25478,0.00917368125,0.0040978302461819275,0.08492666667,heterogeneous-defect-sig-scalar
0.0067730273501081404,0.0112883789168469,0.6,0.5,"(2, 2)",center data,3,3,50000,17268,0.34536,0.014077862500000001,0.006430614682893366,0.11512,heterogeneous-defect-sig-scalar
0.00863069932972596,0.0143844988828766,0.6,0.5,"(2, 2)",center data,3,3,50000,19661,0.39322,0.0166987875,0.0066880293915580055,0.1310733333,heterogeneous-defect-sig-scalar
0.01099788426499464,0.0183298071083244,0.6,0.5,"(2, 2)",center data,3,3,50000,21794,0.43588,0.021672425000000002,0.0061967305560573635,0.1452933333,heterogeneous-defect-sig-scalar
0.014014328814540719,0.0233572146909012,0.6,0.5,"(2, 2)",center data,3,3,50000,21871,0.43742,0.02404646375,0.012295501902066094,0.1458066667,heterogeneous-defect-sig-scalar
0.01785810864978792,0.0297635144163132,0.6,0.5,"(2, 2)",center data,3,3,50000,23073,0.46146,0.029165749999999997,0.014046823259637747,0.15382,heterogeneous-defect-sig-scalar
0.0227561411443935,0.0379269019073225,0.6,0.5,"(2, 2)",center data,3,3,50000,24992,0.49984,0.04699756249999999,0.01770034431857453,0.1666133333,heterogeneous-defect-sig-scalar
0.028997581431430497,0.0483293023857175,0.6,0.5,"(2, 2)",center data,3,3,50000,24909,0.49818,0.06093874375,0.02387916366672964,0.16606,heterogeneous-defect-sig-scalar
0.03695089266396156,0.0615848211066026,0.6,0.5,"(2, 2)",center data,3,3,50000,25051,0.50102,0.069552875,0.03009865048236175,0.1670066667,heterogeneous-defect-sig-scalar
0.04708559822108766,0.0784759970351461,0.6,0.5,"(2, 2)",center data,3,3,50000,25059,0.50118,0.07288748125,0.04938800370071181,0.16706,heterogeneous-defect-sig-scalar
0.06,0.1,0.6,0.5,"(2, 2)",center data,3,3,50000,25050,0.501,0.09276209375,0.05166230969001324,0.167,heterogeneous-defect-sig-scalar
0.0006,0.001,0.6,0.75,"(2, 2)",center data,3,3,50000,1409,0.02818,0.0009206220687499999,0.0005534349564312941,0.009393333333,heterogeneous-defect-sig-scalar
0.000764564991421878,0.00127427498570313,0.6,0.75,"(2, 2)",center data,3,3,50000,2662,0.05324,0.001523685625,0.0006198826091383023,0.01774666667,heterogeneous-defect-sig-scalar
0.000974266043513232,0.00162377673918872,0.6,0.75,"(2, 2)",center data,3,3,50000,3253,0.06506,0.0016166,0.0008724965479444604,0.02168666667,heterogeneous-defect-sig-scalar
0.001241482848668874,0.00206913808111479,0.6,0.75,"(2, 2)",center data,3,3,50000,4215,0.0843,0.002145719375,0.0013113243505206327,0.0281,heterogeneous-defect-sig-scalar
0.001581990539238216,0.00263665089873036,0.6,0.75,"(2, 2)",center data,3,3,50000,5593,0.11186,0.00272868375,0.0011943175260210063,0.03728666667,heterogeneous-defect-sig-scalar
0.002015890971770268,0.00335981828628378,0.6,0.75,"(2, 2)",center data,3,3,50000,5146,0.10292,0.0034518187499999998,0.0014308455154290547,0.03430666667,heterogeneous-defect-sig-scalar
0.00256879943923164,0.0042813323987194,0.6,0.75,"(2, 2)",center data,3,3,50000,7083,0.14166,0.00515956875,0.0020918183494626004,0.04722,heterogeneous-defect-sig-scalar
0.0032733568687011117,0.00545559478116852,0.6,0.75,"(2, 2)",center data,3,3,50000,4922,0.09844,0.005453638125,0.0035207663715876884,0.03281333333,heterogeneous-defect-sig-scalar
0.00417115677706536,0.0069519279617756,0.6,0.75,"(2, 2)",center data,3,3,50000,11847,0.23694,0.0077953499999999995,0.00484695165232747,0.07898,heterogeneous-defect-sig-scalar
0.0053152007424604915,0.00885866790410082,0.6,0.75,"(2, 2)",center data,3,3,50000,13525,0.2705,0.00782893125,0.003727006653924626,0.09016666667,heterogeneous-defect-sig-scalar
0.0067730273501081404,0.0112883789168469,0.6,0.75,"(2, 2)",center data,3,3,50000,15221,0.30442,0.011346599999999998,0.005984197806828414,0.1014733333,heterogeneous-defect-sig-scalar
0.00863069932972596,0.0143844988828766,0.6,0.75,"(2, 2)",center data,3,3,50000,19670,0.3934,0.0164126375,0.005919512619810329,0.1311333333,heterogeneous-defect-sig-scalar
0.01099788426499464,0.0183298071083244,0.6,0.75,"(2, 2)",center data,3,3,50000,18514,0.37028,0.0170588375,0.0076389167438743405,0.1234266667,heterogeneous-defect-sig-scalar
0.014014328814540719,0.0233572146909012,0.6,0.75,"(2, 2)",center data,3,3,50000,23321,0.46642,0.0294788,0.012616966575805771,0.1554733333,heterogeneous-defect-sig-scalar
0.01785810864978792,0.0297635144163132,0.6,0.75,"(2, 2)",center data,3,3,50000,24477,0.48954,0.035185493750000005,0.014022137991648632,0.16318,heterogeneous-defect-sig-scalar
0.0227561411443935,0.0379269019073225,0.6,0.75,"(2, 2)",center data,3,3,50000,24745,0.4949,0.041150124999999996,0.022470873872846492,0.1649666667,heterogeneous-defect-sig-scalar
0.028997581431430497,0.0483293023857175,0.6,0.75,"(2, 2)",center data,3,3,50000,24818,0.49636,0.04908875,0.02479766041509763,0.1654533333,heterogeneous-defect-sig-scalar
0.04708559822108766,0.0784759970351461,0.6,0.75,"(2, 2)",center data,3,3,50000,24913,0.49826,0.08589159875,0.03811654431890466,0.1660866667,heterogeneous-defect-sig-scalar
0.03695089266396156,0.0615848211066026,0.6,0.75,"(2, 2)",center data,3,3,50000,24864,0.49728,0.07017475000000001,0.023774535054602013,0.16576,heterogeneous-defect-sig-scalar
0.06,0.1,0.6,0.75,"(2, 2)",center data,3,3,50000,25058,0.50116,0.1367524375,0.050534055822495524,0.1670533333,heterogeneous-defect-sig-scalar
0.0067730273501081404,0.0112883789168469,0.6,0.0,"(3, 3)",center data,5,3,50000,9877,0.19754,0.01124941,0.00681028230070456,0.06584666667,heterogeneous-defect-sig-scalar
0.0006,0.001,0.6,0.0,"(3, 3)",center data,5,3,50000,79,0.00158,0.0010237507551020407,0.0005668321242675421,0.0005266666667,heterogeneous-defect-sig-scalar
0.000764564991421878,0.00127427498570313,0.6,0.0,"(3, 3)",center data,5,3,50000,90,0.0018,0.0012275014285714285,0.0006696177383083148,0.0006,heterogeneous-defect-sig-scalar
0.00256879943923164,0.0042813323987194,0.6,0.0,"(3, 3)",center data,5,3,50000,1847,0.03694,0.004502942653061224,0.0020694795860231215,0.01231333333,heterogeneous-defect-sig-scalar
0.0032733568687011117,0.00545559478116852,0.6,0.0,"(3, 3)",center data,5,3,50000,2459,0.04918,0.005041982653061224,0.002574137992323165,0.01639333333,heterogeneous-defect-sig-scalar
0.00417115677706536,0.0069519279617756,0.6,0.0,"(3, 3)",center data,5,3,50000,4786,0.09572,0.007184694285714285,0.0038861099422052028,0.03190666667,heterogeneous-defect-sig-scalar
0.00863069932972596,0.0143844988828766,0.6,0.0,"(3, 3)",center data,5,3,50000,14173,0.28346,0.01349114591836735,0.0078341792056178,0.09448666667,heterogeneous-defect-sig-scalar
0.001241482848668874,0.00206913808111479,0.6,0.0,"(3, 3)",center data,5,3,50000,762,0.01524,0.0027762200408163263,0.0012056610476564292,0.00508,heterogeneous-defect-sig-scalar
0.002015890971770268,0.00335981828628378,0.6,0.0,"(3, 3)",center data,5,3,50000,1120,0.0224,0.003660812448979592,0.0016969070991113245,0.007466666667,heterogeneous-defect-sig-scalar
0.0053152007424604915,0.00885866790410082,0.6,0.0,"(3, 3)",center data,5,3,50000,9614,0.19228,0.010250783673469387,0.004667628819876491,0.06409333333,heterogeneous-defect-sig-scalar
0.001581990539238216,0.00263665089873036,0.6,0.0,"(3, 3)",center data,5,3,50000,589,0.01178,0.0027715940816326534,0.0016452969262619479,0.003926666667,heterogeneous-defect-sig-scalar
0.000974266043513232,0.00162377673918872,0.6,0.0,"(3, 3)",center data,5,3,50000,160,0.0032,0.0014347165448979592,0.000818913220604057,0.001066666667,heterogeneous-defect-sig-scalar
0.01099788426499464,0.0183298071083244,0.6,0.0,"(3, 3)",center data,5,3,50000,22537,0.45074,0.023723389795918367,0.008836508796712968,0.1502466667,heterogeneous-defect-sig-scalar
0.014014328814540719,0.0233572146909012,0.6,0.0,"(3, 3)",center data,5,3,50000,23537,0.47074,0.02631918163265306,0.013464958453154352,0.1569133333,heterogeneous-defect-sig-scalar
0.01785810864978792,0.0297635144163132,0.6,0.0,"(3, 3)",center data,5,3,50000,24233,0.48466,0.031975281632653056,0.01640513059819849,0.1615533333,heterogeneous-defect-sig-scalar
0.0227561411443935,0.0379269019073225,0.6,0.0,"(3, 3)",center data,5,3,50000,24715,0.4943,0.04492631020408163,0.02236081494732854,0.1647666667,heterogeneous-defect-sig-scalar
0.03695089266396156,0.0615848211066026,0.6,0.0,"(3, 3)",center data,5,3,50000,24973,0.49946,0.06328105714285714,0.03762898539748423,0.1664866667,heterogeneous-defect-sig-scalar
0.028997581431430497,0.0483293023857175,0.6,0.0,"(3, 3)",center data,5,3,50000,24818,0.49636,0.054446025102040815,0.027160226589415797,0.1654533333,heterogeneous-defect-sig-scalar
0.06,0.1,0.6,0.0,"(3, 3)",center data,5,3,50000,24921,0.49842,0.11727644285714287,0.06101205408908128,0.16614,heterogeneous-defect-sig-scalar
0.04708559822108766,0.0784759970351461,0.6,0.0,"(3, 3)",center data,5,3,50000,24749,0.49498,0.07514870204081632,0.04425306395139114,0.1649933333,heterogeneous-defect-sig-scalar
0.0006,0.001,0.6,0.05,"(3, 3)",center data,5,3,50000,145,0.0029,0.0011359383333333333,0.0005530604347979422,0.0009666666667,heterogeneous-defect-sig-scalar
0.000764564991421878,0.00127427498570313,0.6,0.05,"(3, 3)",center data,5,3,50000,192,0.00384,0.0012693898333333334,0.0007415087819201057,0.00128,heterogeneous-defect-sig-scalar
0.000974266043513232,0.00162377673918872,0.6,0.05,"(3, 3)",center data,5,3,50000,482,0.00964,0.0018115313125,0.0009339434135587202,0.003213333333,heterogeneous-defect-sig-scalar
0.001241482848668874,0.00206913808111479,0.6,0.05,"(3, 3)",center data,5,3,50000,649,0.01298,0.002231534166666667,0.001017452536208351,0.004326666667,heterogeneous-defect-sig-scalar
0.001581990539238216,0.00263665089873036,0.6,0.05,"(3, 3)",center data,5,3,50000,882,0.01764,0.0029090149999999996,0.0015343105470984354,0.00588,heterogeneous-defect-sig-scalar
0.002015890971770268,0.00335981828628378,0.6,0.05,"(3, 3)",center data,5,3,50000,1659,0.03318,0.003712710208333334,0.0019068815447123451,0.01106,heterogeneous-defect-sig-scalar
0.00256879943923164,0.0042813323987194,0.6,0.05,"(3, 3)",center data,5,3,50000,2386,0.04772,0.004403157916666667,0.0024235949712461914,0.01590666667,heterogeneous-defect-sig-scalar
0.0032733568687011117,0.00545559478116852,0.6,0.05,"(3, 3)",center data,5,3,50000,3047,0.06094,0.00526219,0.0029575386877492126,0.02031333333,heterogeneous-defect-sig-scalar
0.00417115677706536,0.0069519279617756,0.6,0.05,"(3, 3)",center data,5,3,50000,5394,0.10788,0.006875283125,0.0038119077091355873,0.03596,heterogeneous-defect-sig-scalar
0.0053152007424604915,0.00885866790410082,0.6,0.05,"(3, 3)",center data,5,3,50000,9663,0.19326,0.009580393958333332,0.004836367865149312,0.06442,heterogeneous-defect-sig-scalar
0.0067730273501081404,0.0112883789168469,0.6,0.05,"(3, 3)",center data,5,3,50000,9633,0.19266,0.011242006041666667,0.006691397166773711,0.06422,heterogeneous-defect-sig-scalar
0.00863069932972596,0.0143844988828766,0.6,0.05,"(3, 3)",center data,5,3,50000,16612,0.33224,0.015491852083333332,0.007715158484465003,0.1107466667,heterogeneous-defect-sig-scalar
0.01099788426499464,0.0183298071083244,0.6,0.05,"(3, 3)",center data,5,3,50000,17478,0.34956,0.016349961458333336,0.009306159638985083,0.11652,heterogeneous-defect-sig-scalar
0.014014328814540719,0.0233572146909012,0.6,0.05,"(3, 3)",center data,5,3,50000,23142,0.46284,0.022556354583333337,0.013285737962046299,0.15428,heterogeneous-defect-sig-scalar
0.01785810864978792,0.0297635144163132,0.6,0.05,"(3, 3)",center data,5,3,50000,24854,0.49708,0.037927875,0.017325254685122957,0.1656933333,heterogeneous-defect-sig-scalar
0.0227561411443935,0.0379269019073225,0.6,0.05,"(3, 3)",center data,5,3,50000,24886,0.49772,0.04382849375,0.021483392720186276,0.1659066667,heterogeneous-defect-sig-scalar
0.028997581431430497,0.0483293023857175,0.6,0.05,"(3, 3)",center data,5,3,50000,24829,0.49658,0.057211291666666664,0.02397077971802191,0.1655266667,heterogeneous-defect-sig-scalar
0.03695089266396156,0.0615848211066026,0.6,0.05,"(3, 3)",center data,5,3,50000,25097,0.50194,0.06124592191666667,0.035322378054913374,0.1673133333,heterogeneous-defect-sig-scalar
0.04708559822108766,0.0784759970351461,0.6,0.05,"(3, 3)",center data,5,3,50000,24928,0.49856,0.0797806875,0.03911845585960473,0.1661866667,heterogeneous-defect-sig-scalar
0.0006,0.001,0.6,0.25,"(3, 3)",center data,5,3,50000,247,0.00494,0.0011091633333333334,0.00045523176449535635,0.001646666667,heterogeneous-defect-sig-scalar
0.000764564991421878,0.00127427498570313,0.6,0.25,"(3, 3)",center data,5,3,50000,333,0.00666,0.0012720979166666666,0.0005481781252094613,0.00222,heterogeneous-defect-sig-scalar
0.06,0.1,0.6,0.05,"(3, 3)",center data,5,3,50000,25008,0.50016,0.08741422708333334,0.045123573140307065,0.16672,heterogeneous-defect-sig-scalar
0.000974266043513232,0.00162377673918872,0.6,0.25,"(3, 3)",center data,5,3,50000,615,0.0123,0.0017523854166666668,0.0007489622220389311,0.0041,heterogeneous-defect-sig-scalar
0.001241482848668874,0.00206913808111479,0.6,0.25,"(3, 3)",center data,5,3,50000,844,0.01688,0.001979702083333333,0.0010815647989062698,0.005626666667,heterogeneous-defect-sig-scalar
0.001581990539238216,0.00263665089873036,0.6,0.25,"(3, 3)",center data,5,3,50000,1253,0.02506,0.0025056120833333332,0.001252041793450067,0.008353333333,heterogeneous-defect-sig-scalar
0.002015890971770268,0.00335981828628378,0.6,0.25,"(3, 3)",center data,5,3,50000,2788,0.05576,0.0035815041666666663,0.0017734733088300592,0.01858666667,heterogeneous-defect-sig-scalar
0.00256879943923164,0.0042813323987194,0.6,0.25,"(3, 3)",center data,5,3,50000,4169,0.08338,0.00515838125,0.0021028712470152417,0.02779333333,heterogeneous-defect-sig-scalar
0.0032733568687011117,0.00545559478116852,0.6,0.25,"(3, 3)",center data,5,3,50000,7271,0.14542,0.005921908541666666,0.002977624820328689,0.04847333333,heterogeneous-defect-sig-scalar
0.00417115677706536,0.0069519279617756,0.6,0.25,"(3, 3)",center data,5,3,50000,7309,0.14618,0.008290668333333334,0.004037565468889397,0.04872666667,heterogeneous-defect-sig-scalar
0.0053152007424604915,0.00885866790410082,0.6,0.25,"(3, 3)",center data,5,3,50000,11880,0.2376,0.010657812500000002,0.004913247224071241,0.0792,heterogeneous-defect-sig-scalar
0.0067730273501081404,0.0112883789168469,0.6,0.25,"(3, 3)",center data,5,3,50000,14350,0.287,0.012102602083333336,0.00562477434360295,0.09566666667,heterogeneous-defect-sig-scalar
0.00863069932972596,0.0143844988828766,0.6,0.25,"(3, 3)",center data,5,3,50000,18351,0.36702,0.01446321625,0.007101164113092839,0.12234,heterogeneous-defect-sig-scalar
0.01099788426499464,0.0183298071083244,0.6,0.25,"(3, 3)",center data,5,3,50000,21388,0.42776,0.019786579166666665,0.008346757158770264,0.1425866667,heterogeneous-defect-sig-scalar
0.014014328814540719,0.0233572146909012,0.6,0.25,"(3, 3)",center data,5,3,50000,21435,0.4287,0.02087591666666667,0.01066360401074869,0.1429,heterogeneous-defect-sig-scalar
0.01785810864978792,0.0297635144163132,0.6,0.25,"(3, 3)",center data,5,3,50000,24306,0.48612,0.032138745833333336,0.01665160481234915,0.16204,heterogeneous-defect-sig-scalar
0.0227561411443935,0.0379269019073225,0.6,0.25,"(3, 3)",center data,5,3,50000,24728,0.49456,0.03907755625,0.017710341648101,0.1648533333,heterogeneous-defect-sig-scalar
0.028997581431430497,0.0483293023857175,0.6,0.25,"(3, 3)",center data,5,3,50000,25055,0.5011,0.05460378541666666,0.023366308739686058,0.1670333333,heterogeneous-defect-sig-scalar
0.03695089266396156,0.0615848211066026,0.6,0.25,"(3, 3)",center data,5,3,50000,25089,0.50178,0.06695609791666667,0.035197286742088336,0.16726,heterogeneous-defect-sig-scalar
0.04708559822108766,0.0784759970351461,0.6,0.25,"(3, 3)",center data,5,3,50000,25186,0.50372,0.095215125,0.03820059801376642,0.1679066667,heterogeneous-defect-sig-scalar
0.06,0.1,0.6,0.25,"(3, 3)",center data,5,3,50000,25049,0.50098,0.12481884645833334,0.05506884892728323,0.1669933333,heterogeneous-defect-sig-scalar
0.0006,0.001,0.6,0.5,"(3, 3)",center data,5,3,50000,205,0.0041,0.0010092660416666666,0.0004577082600018433,0.001366666667,heterogeneous-defect-sig-scalar
0.000764564991421878,0.00127427498570313,0.6,0.5,"(3, 3)",center data,5,3,50000,481,0.00962,0.0013651125416666665,0.0007287211886052785,0.003206666667,heterogeneous-defect-sig-scalar
0.000974266043513232,0.00162377673918872,0.6,0.5,"(3, 3)",center data,5,3,50000,577,0.01154,0.0017335597916666664,0.0008912619420249246,0.003846666667,heterogeneous-defect-sig-scalar
0.001241482848668874,0.00206913808111479,0.6,0.5,"(3, 3)",center data,5,3,50000,1059,0.02118,0.002406326458333333,0.0012464708751051398,0.00706,heterogeneous-defect-sig-scalar
0.001581990539238216,0.00263665089873036,0.6,0.5,"(3, 3)",center data,5,3,50000,1671,0.03342,0.0025704796166666666,0.0013313575559992913,0.01114,heterogeneous-defect-sig-scalar
0.002015890971770268,0.00335981828628378,0.6,0.5,"(3, 3)",center data,5,3,50000,2373,0.04746,0.003322325416666667,0.0018466674703446187,0.01582,heterogeneous-defect-sig-scalar
0.00256879943923164,0.0042813323987194,0.6,0.5,"(3, 3)",center data,5,3,50000,3655,0.0731,0.004965572060416667,0.0022920438418634298,0.02436666667,heterogeneous-defect-sig-scalar
0.0032733568687011117,0.00545559478116852,0.6,0.5,"(3, 3)",center data,5,3,50000,4977,0.09954,0.0062116456250000006,0.0034807601000684855,0.03318,heterogeneous-defect-sig-scalar
0.00417115677706536,0.0069519279617756,0.6,0.5,"(3, 3)",center data,5,3,50000,10636,0.21272,0.0086998,0.004541258644454566,0.07090666667,heterogeneous-defect-sig-scalar
0.0053152007424604915,0.00885866790410082,0.6,0.5,"(3, 3)",center data,5,3,50000,10046,0.20092,0.008535697083333333,0.005468806084688777,0.06697333333,heterogeneous-defect-sig-scalar
0.0067730273501081404,0.0112883789168469,0.6,0.5,"(3, 3)",center data,5,3,50000,15728,0.31456,0.01203163375,0.005419573703556945,0.1048533333,heterogeneous-defect-sig-scalar
0.00863069932972596,0.0143844988828766,0.6,0.5,"(3, 3)",center data,5,3,50000,15918,0.31836,0.015822068958333334,0.008095618346382722,0.10612,heterogeneous-defect-sig-scalar
0.01099788426499464,0.0183298071083244,0.6,0.5,"(3, 3)",center data,5,3,50000,20826,0.41652,0.020531220833333332,0.009638348434616067,0.13884,heterogeneous-defect-sig-scalar
0.014014328814540719,0.0233572146909012,0.6,0.5,"(3, 3)",center data,5,3,50000,23710,0.4742,0.024715514583333334,0.014334343237062251,0.1580666667,heterogeneous-defect-sig-scalar
0.01785810864978792,0.0297635144163132,0.6,0.5,"(3, 3)",center data,5,3,50000,24433,0.48866,0.029953562500000003,0.0156856828831744,0.1628866667,heterogeneous-defect-sig-scalar
0.0227561411443935,0.0379269019073225,0.6,0.5,"(3, 3)",center data,5,3,50000,24708,0.49416,0.044719335416666665,0.02279597709006176,0.16472,heterogeneous-defect-sig-scalar
0.028997581431430497,0.0483293023857175,0.6,0.5,"(3, 3)",center data,5,3,50000,24902,0.49804,0.05149278958333333,0.02711939144831179,0.1660133333,heterogeneous-defect-sig-scalar
0.03695089266396156,0.0615848211066026,0.6,0.5,"(3, 3)",center data,5,3,50000,24933,0.49866,0.06727042916666666,0.03161851136001371,0.16622,heterogeneous-defect-sig-scalar
0.04708559822108766,0.0784759970351461,0.6,0.5,"(3, 3)",center data,5,3,50000,24967,0.49934,0.08137805,0.05134797330705955,0.1664466667,heterogeneous-defect-sig-scalar
0.06,0.1,0.6,0.5,"(3, 3)",center data,5,3,50000,25033,0.50066,0.11251963124999999,0.0437772099064692,0.1668866667,heterogeneous-defect-sig-scalar
0.0006,0.001,0.6,0.75,"(3, 3)",center data,5,3,50000,318,0.00636,0.0010814652083333332,0.0004561771222936583,0.00212,heterogeneous-defect-sig-scalar
0.000764564991421878,0.00127427498570313,0.6,0.75,"(3, 3)",center data,5,3,50000,594,0.01188,0.001452099791666667,0.0007239128961083923,0.00396,heterogeneous-defect-sig-scalar
0.000974266043513232,0.00162377673918872,0.6,0.75,"(3, 3)",center data,5,3,50000,683,0.01366,0.0015355083541666668,0.0007855996769123648,0.004553333333,heterogeneous-defect-sig-scalar
0.001241482848668874,0.00206913808111479,0.6,0.75,"(3, 3)",center data,5,3,50000,967,0.01934,0.002169460625,0.001166908560655401,0.006446666667,heterogeneous-defect-sig-scalar
0.001581990539238216,0.00263665089873036,0.6,0.75,"(3, 3)",center data,5,3,50000,1722,0.03444,0.0027171349583333337,0.0015732138244632118,0.01148,heterogeneous-defect-sig-scalar
0.002015890971770268,0.00335981828628378,0.6,0.75,"(3, 3)",center data,5,3,50000,2641,0.05282,0.003926945,0.0018116847056917768,0.01760666667,heterogeneous-defect-sig-scalar
0.00256879943923164,0.0042813323987194,0.6,0.75,"(3, 3)",center data,5,3,50000,4326,0.08652,0.004640554791666667,0.0023293839455547664,0.02884,heterogeneous-defect-sig-scalar
0.0032733568687011117,0.00545559478116852,0.6,0.75,"(3, 3)",center data,5,3,50000,6218,0.12436,0.005391194937500001,0.0026192202207504225,0.04145333333,heterogeneous-defect-sig-scalar
0.00417115677706536,0.0069519279617756,0.6,0.75,"(3, 3)",center data,5,3,50000,5421,0.10842,0.006761194583333334,0.0036684251733151547,0.03614,heterogeneous-defect-sig-scalar
0.0053152007424604915,0.00885866790410082,0.6,0.75,"(3, 3)",center data,5,3,50000,10173,0.20346,0.009077616583333333,0.004911918276572334,0.06782,heterogeneous-defect-sig-scalar
0.0067730273501081404,0.0112883789168469,0.6,0.75,"(3, 3)",center data,5,3,50000,13325,0.2665,0.011000701750000001,0.006203879533986145,0.08883333333,heterogeneous-defect-sig-scalar
0.00863069932972596,0.0143844988828766,0.6,0.75,"(3, 3)",center data,5,3,50000,16996,0.33992,0.014831658333333332,0.008304838463079655,0.1133066667,heterogeneous-defect-sig-scalar
0.01099788426499464,0.0183298071083244,0.6,0.75,"(3, 3)",center data,5,3,50000,20511,0.41022,0.01871104125,0.009673309487604847,0.13674,heterogeneous-defect-sig-scalar
0.014014328814540719,0.0233572146909012,0.6,0.75,"(3, 3)",center data,5,3,50000,23543,0.47086,0.02423472791666666,0.01197212289725785,0.1569533333,heterogeneous-defect-sig-scalar
0.01785810864978792,0.0297635144163132,0.6,0.75,"(3, 3)",center data,5,3,50000,24596,0.49192,0.03604613541666666,0.015422261801187614,0.1639733333,heterogeneous-defect-sig-scalar
0.028997581431430497,0.0483293023857175,0.6,0.75,"(3, 3)",center data,5,3,50000,25087,0.50174,0.04965280833333333,0.024743840176587664,0.1672466667,heterogeneous-defect-sig-scalar
0.0227561411443935,0.0379269019073225,0.6,0.75,"(3, 3)",center data,5,3,50000,24626,0.49252,0.038570554166666667,0.021010620821721317,0.1641733333,heterogeneous-defect-sig-scalar
0.03695089266396156,0.0615848211066026,0.6,0.75,"(3, 3)",center data,5,3,50000,24889,0.49778,0.05451588333333333,0.0272779987799259,0.1659266667,heterogeneous-defect-sig-scalar
0.04708559822108766,0.0784759970351461,0.6,0.75,"(3, 3)",center data,5,3,50000,24888,0.49776,0.08436262499999998,0.04922559123803771,0.16592,heterogeneous-defect-sig-scalar
0.06,0.1,0.6,0.75,"(3, 3)",center data,5,3,50000,25189,0.50378,0.10945587500000002,0.050532121829677555,0.1679266667,heterogeneous-defect-sig-scalar
0.001581990539238216,0.00263665089873036,0.6,0.0,"(4, 4)",center data,7,3,50000,403,0.00806,0.0030767888494845365,0.0012848053514053787,0.002686666667,heterogeneous-defect-sig-scalar
0.0006,0.001,0.6,0.0,"(4, 4)",center data,7,3,50000,14,0.00028,0.0010225005051546392,0.0004610923644514909,9.333333333e-05,heterogeneous-defect-sig-scalar
0.001241482848668874,0.00206913808111479,0.6,0.0,"(4, 4)",center data,7,3,50000,77,0.00154,0.0020161011237113404,0.0010714077737470804,0.0005133333333,heterogeneous-defect-sig-scalar
0.0032733568687011117,0.00545559478116852,0.6,0.0,"(4, 4)",center data,7,3,50000,2308,0.04616,0.00587896487628866,0.0030993055828415846,0.01538666667,heterogeneous-defect-sig-scalar
0.000764564991421878,0.00127427498570313,0.6,0.0,"(4, 4)",center data,7,3,50000,21,0.00042,0.0012814857216494845,0.0006425817195962495,0.00014,heterogeneous-defect-sig-scalar
0.002015890971770268,0.00335981828628378,0.6,0.0,"(4, 4)",center data,7,3,50000,503,0.01006,0.003563684711340206,0.0017509972910549614,0.003353333333,heterogeneous-defect-sig-scalar
0.0067730273501081404,0.0112883789168469,0.6,0.0,"(4, 4)",center data,7,3,50000,10434,0.20868,0.011377544329896907,0.005904508508661801,0.06956,heterogeneous-defect-sig-scalar
0.00256879943923164,0.0042813323987194,0.6,0.0,"(4, 4)",center data,7,3,50000,968,0.01936,0.004414312989690721,0.0023246257142097715,0.006453333333,heterogeneous-defect-sig-scalar
0.000974266043513232,0.00162377673918872,0.6,0.0,"(4, 4)",center data,7,3,50000,72,0.00144,0.0017628378453608247,0.0008796359253732914,0.00048,heterogeneous-defect-sig-scalar
0.00863069932972596,0.0143844988828766,0.6,0.0,"(4, 4)",center data,7,3,50000,14910,0.2982,0.014188220515463916,0.007410574679765684,0.0994,heterogeneous-defect-sig-scalar
0.0053152007424604915,0.00885866790410082,0.6,0.0,"(4, 4)",center data,7,3,50000,6803,0.13606,0.009135188556701031,0.004807278789216998,0.04535333333,heterogeneous-defect-sig-scalar
0.00417115677706536,0.0069519279617756,0.6,0.0,"(4, 4)",center data,7,3,50000,3470,0.0694,0.0069520440206185564,0.0035503795418514394,0.02313333333,heterogeneous-defect-sig-scalar
0.01099788426499464,0.0183298071083244,0.6,0.0,"(4, 4)",center data,7,3,50000,21454,0.42908,0.02001089206185567,0.010872438255626955,0.1430266667,heterogeneous-defect-sig-scalar
0.014014328814540719,0.0233572146909012,0.6,0.0,"(4, 4)",center data,7,3,50000,23419,0.46838,0.02547423402061856,0.012873192791894953,0.1561266667,heterogeneous-defect-sig-scalar
0.01785810864978792,0.0297635144163132,0.6,0.0,"(4, 4)",center data,7,3,50000,24626,0.49252,0.030790068969072167,0.015346146087838113,0.1641733333,heterogeneous-defect-sig-scalar
0.0227561411443935,0.0379269019073225,0.6,0.0,"(4, 4)",center data,7,3,50000,24796,0.49592,0.039056508556701036,0.019048555814786837,0.1653066667,heterogeneous-defect-sig-scalar
0.028997581431430497,0.0483293023857175,0.6,0.0,"(4, 4)",center data,7,3,50000,25066,0.50132,0.051401719896907214,0.02699782765050202,0.1671066667,heterogeneous-defect-sig-scalar
0.03695089266396156,0.0615848211066026,0.6,0.0,"(4, 4)",center data,7,3,50000,25083,0.50166,0.06537839793814433,0.02968981738621509,0.16722,heterogeneous-defect-sig-scalar
0.04708559822108766,0.0784759970351461,0.6,0.0,"(4, 4)",center data,7,3,50000,24966,0.49932,0.08752847824742267,0.04063733651199923,0.16644,heterogeneous-defect-sig-scalar
0.06,0.1,0.6,0.0,"(4, 4)",center data,7,3,50000,25082,0.50164,0.10567262845360822,0.05613144316637062,0.1672133333,heterogeneous-defect-sig-scalar
0.0006,0.001,0.6,0.05,"(4, 4)",center data,7,3,50000,26,0.00052,0.0010897188541666668,0.0005194583244850467,0.0001733333333,heterogeneous-defect-sig-scalar
0.000764564991421878,0.00127427498570313,0.6,0.05,"(4, 4)",center data,7,3,50000,35,0.0007,0.0012416394166666666,0.000615306040138626,0.0002333333333,heterogeneous-defect-sig-scalar
0.000974266043513232,0.00162377673918872,0.6,0.05,"(4, 4)",center data,7,3,50000,74,0.00148,0.0017582032489583336,0.0009493010583273154,0.0004933333333,heterogeneous-defect-sig-scalar
0.001241482848668874,0.00206913808111479,0.6,0.05,"(4, 4)",center data,7,3,50000,99,0.00198,0.002078450625,0.001128493579890367,0.00066,heterogeneous-defect-sig-scalar
0.001581990539238216,0.00263665089873036,0.6,0.05,"(4, 4)",center data,7,3,50000,416,0.00832,0.0029667219791666664,0.0013821794909200619,0.002773333333,heterogeneous-defect-sig-scalar
0.002015890971770268,0.00335981828628378,0.6,0.05,"(4, 4)",center data,7,3,50000,1034,0.02068,0.00400818625,0.0017873793302639169,0.006893333333,heterogeneous-defect-sig-scalar
0.00256879943923164,0.0042813323987194,0.6,0.05,"(4, 4)",center data,7,3,50000,1190,0.0238,0.0043786307708333335,0.0023265815506582892,0.007933333333,heterogeneous-defect-sig-scalar
0.0032733568687011117,0.00545559478116852,0.6,0.05,"(4, 4)",center data,7,3,50000,1605,0.0321,0.005232326739583334,0.0031217601461984226,0.0107,heterogeneous-defect-sig-scalar
0.00417115677706536,0.0069519279617756,0.6,0.05,"(4, 4)",center data,7,3,50000,4272,0.08544,0.00732368675,0.0038011491399738387,0.02848,heterogeneous-defect-sig-scalar
0.0053152007424604915,0.00885866790410082,0.6,0.05,"(4, 4)",center data,7,3,50000,8390,0.1678,0.009248060375,0.0047283127260068095,0.05593333333,heterogeneous-defect-sig-scalar
0.0067730273501081404,0.0112883789168469,0.6,0.05,"(4, 4)",center data,7,3,50000,14265,0.2853,0.013070670937499999,0.005738100720927664,0.0951,heterogeneous-defect-sig-scalar
0.00863069932972596,0.0143844988828766,0.6,0.05,"(4, 4)",center data,7,3,50000,16659,0.33318,0.014994976875000001,0.008110425139491933,0.11106,heterogeneous-defect-sig-scalar
0.01099788426499464,0.0183298071083244,0.6,0.05,"(4, 4)",center data,7,3,50000,22442,0.44884,0.020606628229166667,0.009252357100761766,0.1496133333,heterogeneous-defect-sig-scalar
0.014014328814540719,0.0233572146909012,0.6,0.05,"(4, 4)",center data,7,3,50000,23994,0.47988,0.025260608333333334,0.01307803539868682,0.15996,heterogeneous-defect-sig-scalar
0.01785810864978792,0.0297635144163132,0.6,0.05,"(4, 4)",center data,7,3,50000,24220,0.4844,0.028153751875000004,0.015953644802067065,0.1614666667,heterogeneous-defect-sig-scalar
0.0227561411443935,0.0379269019073225,0.6,0.05,"(4, 4)",center data,7,3,50000,24799,0.49598,0.040631906249999995,0.02137074284616808,0.1653266667,heterogeneous-defect-sig-scalar
0.028997581431430497,0.0483293023857175,0.6,0.05,"(4, 4)",center data,7,3,50000,24949,0.49898,0.05441736666666667,0.029145716137208982,0.1663266667,heterogeneous-defect-sig-scalar
0.03695089266396156,0.0615848211066026,0.6,0.05,"(4, 4)",center data,7,3,50000,25086,0.50172,0.05439432708333333,0.029024994121376376,0.16724,heterogeneous-defect-sig-scalar
0.04708559822108766,0.0784759970351461,0.6,0.05,"(4, 4)",center data,7,3,50000,24873,0.49746,0.08537404864583335,0.04008967697830412,0.16582,heterogeneous-defect-sig-scalar
0.06,0.1,0.6,0.05,"(4, 4)",center data,7,3,50000,25200,0.504,0.09800597916666669,0.04672368837511189,0.168,heterogeneous-defect-sig-scalar
0.0006,0.001,0.6,0.25,"(4, 4)",center data,7,3,50000,45,0.0009,0.001049535625,0.0004847077746475458,0.0003,heterogeneous-defect-sig-scalar
0.000764564991421878,0.00127427498570313,0.6,0.25,"(4, 4)",center data,7,3,50000,50,0.001,0.0013134643541666668,0.0007077706681109117,0.0003333333333,heterogeneous-defect-sig-scalar
0.000974266043513232,0.00162377673918872,0.6,0.25,"(4, 4)",center data,7,3,50000,89,0.00178,0.0015692185104166664,0.0007040923489627444,0.0005933333333,heterogeneous-defect-sig-scalar
0.001581990539238216,0.00263665089873036,0.6,0.25,"(4, 4)",center data,7,3,50000,312,0.00624,0.002394171875,0.0012852633078010971,0.00208,heterogeneous-defect-sig-scalar
0.001241482848668874,0.00206913808111479,0.6,0.25,"(4, 4)",center data,7,3,50000,200,0.004,0.002171835333333333,0.0010190329805376626,0.001333333333,heterogeneous-defect-sig-scalar
0.002015890971770268,0.00335981828628378,0.6,0.25,"(4, 4)",center data,7,3,50000,968,0.01936,0.0035406973958333333,0.0017606615865777585,0.006453333333,heterogeneous-defect-sig-scalar
0.00256879943923164,0.0042813323987194,0.6,0.25,"(4, 4)",center data,7,3,50000,1885,0.0377,0.004835356677083334,0.0022054340676283288,0.01256666667,heterogeneous-defect-sig-scalar
0.0032733568687011117,0.00545559478116852,0.6,0.25,"(4, 4)",center data,7,3,50000,2540,0.0508,0.005580169166666667,0.0028051955232752442,0.01693333333,heterogeneous-defect-sig-scalar
0.00417115677706536,0.0069519279617756,0.6,0.25,"(4, 4)",center data,7,3,50000,5914,0.11828,0.007129219791666666,0.0036244288318580797,0.03942666667,heterogeneous-defect-sig-scalar
0.0053152007424604915,0.00885866790410082,0.6,0.25,"(4, 4)",center data,7,3,50000,7970,0.1594,0.009529667604166667,0.005069343110678013,0.05313333333,heterogeneous-defect-sig-scalar
0.0067730273501081404,0.0112883789168469,0.6,0.25,"(4, 4)",center data,7,3,50000,12128,0.24256,0.011331921354166668,0.006091564812118889,0.08085333333,heterogeneous-defect-sig-scalar
0.00863069932972596,0.0143844988828766,0.6,0.25,"(4, 4)",center data,7,3,50000,18511,0.37022,0.015581011562500002,0.007425599628475064,0.1234066667,heterogeneous-defect-sig-scalar
0.01099788426499464,0.0183298071083244,0.6,0.25,"(4, 4)",center data,7,3,50000,22688,0.45376,0.021100892708333336,0.010527747118173843,0.1512533333,heterogeneous-defect-sig-scalar
0.014014328814540719,0.0233572146909012,0.6,0.25,"(4, 4)",center data,7,3,50000,24300,0.486,0.02590661145833333,0.013460693397164684,0.162,heterogeneous-defect-sig-scalar
0.01785810864978792,0.0297635144163132,0.6,0.25,"(4, 4)",center data,7,3,50000,24660,0.4932,0.03099505677083333,0.01572827043979152,0.1644,heterogeneous-defect-sig-scalar
0.0227561411443935,0.0379269019073225,0.6,0.25,"(4, 4)",center data,7,3,50000,25059,0.50118,0.04334835906250001,0.021790966599585484,0.16706,heterogeneous-defect-sig-scalar
0.028997581431430497,0.0483293023857175,0.6,0.25,"(4, 4)",center data,7,3,50000,24854,0.49708,0.0500584834375,0.025210910519118453,0.1656933333,heterogeneous-defect-sig-scalar
0.03695089266396156,0.0615848211066026,0.6,0.25,"(4, 4)",center data,7,3,50000,25067,0.50134,0.07218638541666667,0.0346042196253969,0.1671133333,heterogeneous-defect-sig-scalar
0.04708559822108766,0.0784759970351461,0.6,0.25,"(4, 4)",center data,7,3,50000,25279,0.50558,0.08844451041666668,0.03865883589814742,0.1685266667,heterogeneous-defect-sig-scalar
0.06,0.1,0.6,0.25,"(4, 4)",center data,7,3,50000,25051,0.50102,0.10173955291666666,0.051834425886934446,0.1670066667,heterogeneous-defect-sig-scalar
0.0006,0.001,0.6,0.5,"(4, 4)",center data,7,3,50000,42,0.00084,0.0010560967291666668,0.0005210115844908401,0.00028,heterogeneous-defect-sig-scalar
0.000764564991421878,0.00127427498570313,0.6,0.5,"(4, 4)",center data,7,3,50000,68,0.00136,0.0013427070145833333,0.000674620416414513,0.0004533333333,heterogeneous-defect-sig-scalar
0.000974266043513232,0.00162377673918872,0.6,0.5,"(4, 4)",center data,7,3,50000,202,0.00404,0.0016588219375,0.0009083065298988967,0.001346666667,heterogeneous-defect-sig-scalar
0.001241482848668874,0.00206913808111479,0.6,0.5,"(4, 4)",center data,7,3,50000,207,0.00414,0.002056854364583333,0.0011091295029667047,0.00138,heterogeneous-defect-sig-scalar
0.001581990539238216,0.00263665089873036,0.6,0.5,"(4, 4)",center data,7,3,50000,625,0.0125,0.0027805096875,0.001278612362351152,0.004166666667,heterogeneous-defect-sig-scalar
0.002015890971770268,0.00335981828628378,0.6,0.5,"(4, 4)",center data,7,3,50000,987,0.01974,0.0035421779166666667,0.0016954939229499595,0.00658,heterogeneous-defect-sig-scalar
0.00256879943923164,0.0042813323987194,0.6,0.5,"(4, 4)",center data,7,3,50000,1807,0.03614,0.0045246109375,0.0021674645575063037,0.01204666667,heterogeneous-defect-sig-scalar
0.0032733568687011117,0.00545559478116852,0.6,0.5,"(4, 4)",center data,7,3,50000,3304,0.06608,0.005797440864583334,0.0028040644004855876,0.02202666667,heterogeneous-defect-sig-scalar
0.00417115677706536,0.0069519279617756,0.6,0.5,"(4, 4)",center data,7,3,50000,5609,0.11218,0.007261713541666666,0.0036532207521417486,0.03739333333,heterogeneous-defect-sig-scalar
0.0053152007424604915,0.00885866790410082,0.6,0.5,"(4, 4)",center data,7,3,50000,9766,0.19532,0.00957262975,0.005326394764573808,0.06510666667,heterogeneous-defect-sig-scalar
0.0067730273501081404,0.0112883789168469,0.6,0.5,"(4, 4)",center data,7,3,50000,16339,0.32678,0.012499455625000001,0.006118815381766756,0.1089266667,heterogeneous-defect-sig-scalar
0.00863069932972596,0.0143844988828766,0.6,0.5,"(4, 4)",center data,7,3,50000,19661,0.39322,0.016464629166666665,0.007780748211704384,0.1310733333,heterogeneous-defect-sig-scalar
0.01099788426499464,0.0183298071083244,0.6,0.5,"(4, 4)",center data,7,3,50000,21371,0.42742,0.018954110104166668,0.00971806225803974,0.1424733333,heterogeneous-defect-sig-scalar
0.014014328814540719,0.0233572146909012,0.6,0.5,"(4, 4)",center data,7,3,50000,24500,0.49,0.026231591666666665,0.012549755922474372,0.1633333333,heterogeneous-defect-sig-scalar
0.01785810864978792,0.0297635144163132,0.6,0.5,"(4, 4)",center data,7,3,50000,24769,0.49538,0.03217803645833333,0.015321752439295793,0.1651266667,heterogeneous-defect-sig-scalar
0.0227561411443935,0.0379269019073225,0.6,0.5,"(4, 4)",center data,7,3,50000,24919,0.49838,0.038666597187500006,0.022684312330795132,0.1661266667,heterogeneous-defect-sig-scalar
0.028997581431430497,0.0483293023857175,0.6,0.5,"(4, 4)",center data,7,3,50000,24965,0.4993,0.04761369791666667,0.024004428128133894,0.1664333333,heterogeneous-defect-sig-scalar
0.03695089266396156,0.0615848211066026,0.6,0.5,"(4, 4)",center data,7,3,50000,25161,0.50322,0.06169635729166667,0.03389217136734512,0.16774,heterogeneous-defect-sig-scalar
0.04708559822108766,0.0784759970351461,0.6,0.5,"(4, 4)",center data,7,3,50000,24993,0.49986,0.08497981312500001,0.04799228772634236,0.16662,heterogeneous-defect-sig-scalar
0.06,0.1,0.6,0.5,"(4, 4)",center data,7,3,50000,25020,0.5004,0.11558424062500001,0.05927610316389203,0.1668,heterogeneous-defect-sig-scalar
0.0006,0.001,0.6,0.75,"(4, 4)",center data,7,3,50000,52,0.00104,0.00113914415625,0.0005185716670647552,0.0003466666667,heterogeneous-defect-sig-scalar
0.000764564991421878,0.00127427498570313,0.6,0.75,"(4, 4)",center data,7,3,50000,99,0.00198,0.0013650641666666668,0.000655583306776725,0.00066,heterogeneous-defect-sig-scalar
0.000974266043513232,0.00162377673918872,0.6,0.75,"(4, 4)",center data,7,3,50000,118,0.00236,0.0016866384374999998,0.0008665539695040254,0.0007866666667,heterogeneous-defect-sig-scalar
0.001241482848668874,0.00206913808111479,0.6,0.75,"(4, 4)",center data,7,3,50000,296,0.00592,0.0021698420520833337,0.001038596935176274,0.001973333333,heterogeneous-defect-sig-scalar
0.001581990539238216,0.00263665089873036,0.6,0.75,"(4, 4)",center data,7,3,50000,513,0.01026,0.002734330520833333,0.0013391809445471774,0.00342,heterogeneous-defect-sig-scalar
0.002015890971770268,0.00335981828628378,0.6,0.75,"(4, 4)",center data,7,3,50000,897,0.01794,0.003566528020833334,0.00168662451977353,0.00598,heterogeneous-defect-sig-scalar
0.00256879943923164,0.0042813323987194,0.6,0.75,"(4, 4)",center data,7,3,50000,1658,0.03316,0.004320205729166667,0.0021062712064519695,0.01105333333,heterogeneous-defect-sig-scalar
0.0032733568687011117,0.00545559478116852,0.6,0.75,"(4, 4)",center data,7,3,50000,3358,0.06716,0.006046225104166666,0.0026778550561157286,0.02238666667,heterogeneous-defect-sig-scalar
0.00417115677706536,0.0069519279617756,0.6,0.75,"(4, 4)",center data,7,3,50000,8198,0.16396,0.008240468645833332,0.0037080924144920918,0.05465333333,heterogeneous-defect-sig-scalar
0.0053152007424604915,0.00885866790410082,0.6,0.75,"(4, 4)",center data,7,3,50000,9163,0.18326,0.00988273875,0.005218213831477534,0.06108666667,heterogeneous-defect-sig-scalar
0.0067730273501081404,0.0112883789168469,0.6,0.75,"(4, 4)",center data,7,3,50000,13417,0.26834,0.011560095614583335,0.006129451913838163,0.08944666667,heterogeneous-defect-sig-scalar
0.00863069932972596,0.0143844988828766,0.6,0.75,"(4, 4)",center data,7,3,50000,17700,0.354,0.015022038020833331,0.0077704545238235345,0.118,heterogeneous-defect-sig-scalar
0.01099788426499464,0.0183298071083244,0.6,0.75,"(4, 4)",center data,7,3,50000,20755,0.4151,0.018825849375,0.011848808804296163,0.1383666667,heterogeneous-defect-sig-scalar
0.014014328814540719,0.0233572146909012,0.6,0.75,"(4, 4)",center data,7,3,50000,24431,0.48862,0.025945355833333333,0.013336629279643688,0.1628733333,heterogeneous-defect-sig-scalar
0.01785810864978792,0.0297635144163132,0.6,0.75,"(4, 4)",center data,7,3,50000,24766,0.49532,0.032463126041666665,0.016250922077392028,0.1651066667,heterogeneous-defect-sig-scalar
0.0227561411443935,0.0379269019073225,0.6,0.75,"(4, 4)",center data,7,3,50000,24780,0.4956,0.03626079270833333,0.018557676003443994,0.1652,heterogeneous-defect-sig-scalar
0.028997581431430497,0.0483293023857175,0.6,0.75,"(4, 4)",center data,7,3,50000,25051,0.50102,0.047404693750000004,0.026426328990795382,0.1670066667,heterogeneous-defect-sig-scalar
0.03695089266396156,0.0615848211066026,0.6,0.75,"(4, 4)",center data,7,3,50000,24924,0.49848,0.06622869062499999,0.03555278609482513,0.16616,heterogeneous-defect-sig-scalar
0.04708559822108766,0.0784759970351461,0.6,0.75,"(4, 4)",center data,7,3,50000,24943,0.49886,0.08123144583333333,0.04367942622969775,0.1662866667,heterogeneous-defect-sig-scalar
0.06,0.1,0.6,0.75,"(4, 4)",center data,7,3,50000,24904,0.49808,0.10310585208333334,0.059844517103565587,0.1660266667,heterogeneous-defect-sig-scalar
0.001581990539238216,0.00263665089873036,0.6,0.0,"(5, 5)",center data,9,3,50000,122,0.00244,0.002930757894409938,0.0014409187768940719,0.0008133333333,heterogeneous-defect-sig-scalar
0.002015890971770268,0.00335981828628378,0.6,0.0,"(5, 5)",center data,9,3,50000,322,0.00644,0.0035501742360248448,0.0018276012438813041,0.002146666667,heterogeneous-defect-sig-scalar
0.0006,0.001,0.6,0.0,"(5, 5)",center data,9,3,50000,2,4e-05,0.0010802777801242236,0.0005631994191279239,1.333333333e-05,heterogeneous-defect-sig-scalar
0.000764564991421878,0.00127427498570313,0.6,0.0,"(5, 5)",center data,9,3,50000,4,8e-05,0.0012962733788819875,0.0005900506318432411,2.666666667e-05,heterogeneous-defect-sig-scalar
0.000974266043513232,0.00162377673918872,0.6,0.0,"(5, 5)",center data,9,3,50000,6,0.00012,0.001649141391304348,0.000878724674644062,4e-05,heterogeneous-defect-sig-scalar
0.0067730273501081404,0.0112883789168469,0.6,0.0,"(5, 5)",center data,9,3,50000,11209,0.22418,0.011988694111801241,0.0064522070159205355,0.07472666667,heterogeneous-defect-sig-scalar
0.0032733568687011117,0.00545559478116852,0.6,0.0,"(5, 5)",center data,9,3,50000,1743,0.03486,0.005789932360248447,0.0027989679067362975,0.01162,heterogeneous-defect-sig-scalar
0.00256879943923164,0.0042813323987194,0.6,0.0,"(5, 5)",center data,9,3,50000,590,0.0118,0.004387180223602484,0.0021532812834543546,0.003933333333,heterogeneous-defect-sig-scalar
0.001241482848668874,0.00206913808111479,0.6,0.0,"(5, 5)",center data,9,3,50000,21,0.00042,0.002151397453416149,0.0011044910613677871,0.00014,heterogeneous-defect-sig-scalar
0.00417115677706536,0.0069519279617756,0.6,0.0,"(5, 5)",center data,9,3,50000,2688,0.05376,0.0072831823602484465,0.0037621229603579964,0.01792,heterogeneous-defect-sig-scalar
0.0053152007424604915,0.00885866790410082,0.6,0.0,"(5, 5)",center data,9,3,50000,6396,0.12792,0.008768497900621118,0.004293015028183431,0.04264,heterogeneous-defect-sig-scalar
0.00863069932972596,0.0143844988828766,0.6,0.0,"(5, 5)",center data,9,3,50000,15611,0.31222,0.01371637546583851,0.007282478284560354,0.1040733333,heterogeneous-defect-sig-scalar
0.01099788426499464,0.0183298071083244,0.6,0.0,"(5, 5)",center data,9,3,50000,21394,0.42788,0.01905452242236025,0.009240535934234106,0.1426266667,heterogeneous-defect-sig-scalar
0.014014328814540719,0.0233572146909012,0.6,0.0,"(5, 5)",center data,9,3,50000,23861,0.47722,0.02325165,0.012391781857776668,0.1590733333,heterogeneous-defect-sig-scalar
0.01785810864978792,0.0297635144163132,0.6,0.0,"(5, 5)",center data,9,3,50000,24895,0.4979,0.030983665217391303,0.016061994535093518,0.1659666667,heterogeneous-defect-sig-scalar
0.0227561411443935,0.0379269019073225,0.6,0.0,"(5, 5)",center data,9,3,50000,24880,0.4976,0.03917310770186335,0.019360908681080338,0.1658666667,heterogeneous-defect-sig-scalar
0.028997581431430497,0.0483293023857175,0.6,0.0,"(5, 5)",center data,9,3,50000,24932,0.49864,0.053390004968944096,0.028429156486180725,0.1662133333,heterogeneous-defect-sig-scalar
0.03695089266396156,0.0615848211066026,0.6,0.0,"(5, 5)",center data,9,3,50000,25015,0.5003,0.06515237354037268,0.036729365071447875,0.1667666667,heterogeneous-defect-sig-scalar
0.04708559822108766,0.0784759970351461,0.6,0.0,"(5, 5)",center data,9,3,50000,24971,0.49942,0.07727483664596273,0.04074469769445325,0.1664733333,heterogeneous-defect-sig-scalar
0.06,0.1,0.6,0.0,"(5, 5)",center data,9,3,50000,24857,0.49714,0.10401570745341615,0.059530092129343654,0.1657133333,heterogeneous-defect-sig-scalar
0.0006,0.001,0.6,0.05,"(5, 5)",center data,9,3,50000,2,4e-05,0.0011245921875000001,0.000575924559287794,1.333333333e-05,heterogeneous-defect-sig-scalar
0.000764564991421878,0.00127427498570313,0.6,0.05,"(5, 5)",center data,9,3,50000,11,0.00022,0.0014017988749999999,0.0006729376408070694,7.333333333e-05,heterogeneous-defect-sig-scalar
0.000974266043513232,0.00162377673918872,0.6,0.05,"(5, 5)",center data,9,3,50000,16,0.00032,0.0016118179125,0.0008230374002462569,0.0001066666667,heterogeneous-defect-sig-scalar
0.001241482848668874,0.00206913808111479,0.6,0.05,"(5, 5)",center data,9,3,50000,32,0.00064,0.00222906371,0.0012044095758984256,0.0002133333333,heterogeneous-defect-sig-scalar
0.001581990539238216,0.00263665089873036,0.6,0.05,"(5, 5)",center data,9,3,50000,102,0.00204,0.002718685775,0.0012248746524259123,0.00068,heterogeneous-defect-sig-scalar
0.002015890971770268,0.00335981828628378,0.6,0.05,"(5, 5)",center data,9,3,50000,322,0.00644,0.00352631679375,0.0018695087448004893,0.002146666667,heterogeneous-defect-sig-scalar
0.00256879943923164,0.0042813323987194,0.6,0.05,"(5, 5)",center data,9,3,50000,1083,0.02166,0.0048572646125,0.0023027306692061274,0.00722,heterogeneous-defect-sig-scalar
0.0032733568687011117,0.00545559478116852,0.6,0.05,"(5, 5)",center data,9,3,50000,2088,0.04176,0.0058736433125,0.002892962239636633,0.01392,heterogeneous-defect-sig-scalar
0.00417115677706536,0.0069519279617756,0.6,0.05,"(5, 5)",center data,9,3,50000,3929,0.07858,0.00726837625,0.004068369486603901,0.02619333333,heterogeneous-defect-sig-scalar
0.0053152007424604915,0.00885866790410082,0.6,0.05,"(5, 5)",center data,9,3,50000,7217,0.14434,0.009412275687499999,0.004865311649086395,0.04811333333,heterogeneous-defect-sig-scalar
0.0067730273501081404,0.0112883789168469,0.6,0.05,"(5, 5)",center data,9,3,50000,13679,0.27358,0.0121500542125,0.006323024279151689,0.09119333333,heterogeneous-defect-sig-scalar
0.00863069932972596,0.0143844988828766,0.6,0.05,"(5, 5)",center data,9,3,50000,19436,0.38872,0.015989516875000002,0.00799085564587909,0.1295733333,heterogeneous-defect-sig-scalar
0.01099788426499464,0.0183298071083244,0.6,0.05,"(5, 5)",center data,9,3,50000,20989,0.41978,0.018122481875000002,0.010294844496740237,0.1399266667,heterogeneous-defect-sig-scalar
0.014014328814540719,0.0233572146909012,0.6,0.05,"(5, 5)",center data,9,3,50000,24597,0.49194,0.02616479375,0.010125508203256316,0.16398,heterogeneous-defect-sig-scalar
0.01785810864978792,0.0297635144163132,0.6,0.05,"(5, 5)",center data,9,3,50000,24799,0.49598,0.031838303062500004,0.017117657611865043,0.1653266667,heterogeneous-defect-sig-scalar
0.0227561411443935,0.0379269019073225,0.6,0.05,"(5, 5)",center data,9,3,50000,25040,0.5008,0.041732924374999994,0.021035319425337196,0.1669333333,heterogeneous-defect-sig-scalar
0.028997581431430497,0.0483293023857175,0.6,0.05,"(5, 5)",center data,9,3,50000,25045,0.5009,0.0507287914375,0.023083495983096232,0.1669666667,heterogeneous-defect-sig-scalar
0.03695089266396156,0.0615848211066026,0.6,0.05,"(5, 5)",center data,9,3,50000,25009,0.50018,0.063703798125,0.03176725014495367,0.1667266667,heterogeneous-defect-sig-scalar
0.04708559822108766,0.0784759970351461,0.6,0.05,"(5, 5)",center data,9,3,50000,24931,0.49862,0.081372026875,0.04437698134082539,0.1662066667,heterogeneous-defect-sig-scalar
0.06,0.1,0.6,0.05,"(5, 5)",center data,9,3,50000,24961,0.49922,0.10004883125,0.054745413956395914,0.1664066667,heterogeneous-defect-sig-scalar
0.0006,0.001,0.6,0.25,"(5, 5)",center data,9,3,50000,2,4e-05,0.0010904507012499999,0.0005545858416911453,1.333333333e-05,heterogeneous-defect-sig-scalar
0.000764564991421878,0.00127427498570313,0.6,0.25,"(5, 5)",center data,9,3,50000,7,0.00014,0.001317078335625,0.0006825837797863043,4.666666667e-05,heterogeneous-defect-sig-scalar
0.000974266043513232,0.00162377673918872,0.6,0.25,"(5, 5)",center data,9,3,50000,21,0.00042,0.00172554232625,0.0009641714630309507,0.00014,heterogeneous-defect-sig-scalar
0.001241482848668874,0.00206913808111479,0.6,0.25,"(5, 5)",center data,9,3,50000,64,0.00128,0.00218125824375,0.0010831703733031437,0.0004266666667,heterogeneous-defect-sig-scalar
0.001581990539238216,0.00263665089873036,0.6,0.25,"(5, 5)",center data,9,3,50000,159,0.00318,0.00288818969375,0.0014297007318777109,0.00106,heterogeneous-defect-sig-scalar
0.002015890971770268,0.00335981828628378,0.6,0.25,"(5, 5)",center data,9,3,50000,376,0.00752,0.0036119720625000006,0.002025244126146616,0.002506666667,heterogeneous-defect-sig-scalar
0.00256879943923164,0.0042813323987194,0.6,0.25,"(5, 5)",center data,9,3,50000,838,0.01676,0.00460303275625,0.0022991686995014163,0.005586666667,heterogeneous-defect-sig-scalar
0.0032733568687011117,0.00545559478116852,0.6,0.25,"(5, 5)",center data,9,3,50000,2299,0.04598,0.00596682715,0.002946345941604486,0.01532666667,heterogeneous-defect-sig-scalar
0.00417115677706536,0.0069519279617756,0.6,0.25,"(5, 5)",center data,9,3,50000,4534,0.09068,0.007554336437500001,0.003902217554120725,0.03022666667,heterogeneous-defect-sig-scalar
0.0053152007424604915,0.00885866790410082,0.6,0.25,"(5, 5)",center data,9,3,50000,8140,0.1628,0.009566999743749999,0.004633614948732611,0.05426666667,heterogeneous-defect-sig-scalar
0.0067730273501081404,0.0112883789168469,0.6,0.25,"(5, 5)",center data,9,3,50000,11736,0.23472,0.010856267125,0.006221106495640505,0.07824,heterogeneous-defect-sig-scalar
0.00863069932972596,0.0143844988828766,0.6,0.25,"(5, 5)",center data,9,3,50000,18479,0.36958,0.015653094875000002,0.007818049113383482,0.1231933333,heterogeneous-defect-sig-scalar
0.01099788426499464,0.0183298071083244,0.6,0.25,"(5, 5)",center data,9,3,50000,22696,0.45392,0.020179153124999998,0.009240251244229794,0.1513066667,heterogeneous-defect-sig-scalar
0.014014328814540719,0.0233572146909012,0.6,0.25,"(5, 5)",center data,9,3,50000,24539,0.49078,0.026063668687499996,0.012724973362462696,0.1635933333,heterogeneous-defect-sig-scalar
0.01785810864978792,0.0297635144163132,0.6,0.25,"(5, 5)",center data,9,3,50000,24700,0.494,0.03134863625,0.015642401930384155,0.1646666667,heterogeneous-defect-sig-scalar
0.0227561411443935,0.0379269019073225,0.6,0.25,"(5, 5)",center data,9,3,50000,24885,0.4977,0.041381734999999996,0.01956392220286873,0.1659,heterogeneous-defect-sig-scalar
0.028997581431430497,0.0483293023857175,0.6,0.25,"(5, 5)",center data,9,3,50000,25080,0.5016,0.05059417625,0.023690133883806693,0.1672,heterogeneous-defect-sig-scalar
0.03695089266396156,0.0615848211066026,0.6,0.25,"(5, 5)",center data,9,3,50000,25072,0.50144,0.0658737525625,0.03212107922344765,0.1671466667,heterogeneous-defect-sig-scalar
0.04708559822108766,0.0784759970351461,0.6,0.25,"(5, 5)",center data,9,3,50000,25041,0.50082,0.0833634375,0.04522233019900781,0.16694,heterogeneous-defect-sig-scalar
0.06,0.1,0.6,0.25,"(5, 5)",center data,9,3,50000,25127,0.50254,0.108143634375,0.051364876679214175,0.1675133333,heterogeneous-defect-sig-scalar
0.0006,0.001,0.6,0.5,"(5, 5)",center data,9,3,50000,7,0.00014,0.0011018792312499999,0.0005156981692937888,4.666666667e-05,heterogeneous-defect-sig-scalar
0.000764564991421878,0.00127427498570313,0.6,0.5,"(5, 5)",center data,9,3,50000,9,0.00018,0.0013172583218750001,0.0006846909668788571,6e-05,heterogeneous-defect-sig-scalar
0.000974266043513232,0.00162377673918872,0.6,0.5,"(5, 5)",center data,9,3,50000,41,0.00082,0.0017327330000000002,0.0008762157717664354,0.0002733333333,heterogeneous-defect-sig-scalar
0.001241482848668874,0.00206913808111479,0.6,0.5,"(5, 5)",center data,9,3,50000,88,0.00176,0.0022474095625000003,0.0011159395937075554,0.0005866666667,heterogeneous-defect-sig-scalar
0.001581990539238216,0.00263665089873036,0.6,0.5,"(5, 5)",center data,9,3,50000,207,0.00414,0.0028156596875000004,0.001319111022407431,0.00138,heterogeneous-defect-sig-scalar
0.002015890971770268,0.00335981828628378,0.6,0.5,"(5, 5)",center data,9,3,50000,484,0.00968,0.0036046124375000003,0.0016632085624602025,0.003226666667,heterogeneous-defect-sig-scalar
0.00256879943923164,0.0042813323987194,0.6,0.5,"(5, 5)",center data,9,3,50000,908,0.01816,0.004334697281249999,0.00225849219562126,0.006053333333,heterogeneous-defect-sig-scalar
0.0032733568687011117,0.00545559478116852,0.6,0.5,"(5, 5)",center data,9,3,50000,2008,0.04016,0.005786957062499999,0.00287337934750652,0.01338666667,heterogeneous-defect-sig-scalar
0.00417115677706536,0.0069519279617756,0.6,0.5,"(5, 5)",center data,9,3,50000,4308,0.08616,0.00724618315625,0.0037126149345542143,0.02872,heterogeneous-defect-sig-scalar
0.0053152007424604915,0.00885866790410082,0.6,0.5,"(5, 5)",center data,9,3,50000,9044,0.18088,0.0099347750625,0.004636357828994786,0.06029333333,heterogeneous-defect-sig-scalar
0.0067730273501081404,0.0112883789168469,0.6,0.5,"(5, 5)",center data,9,3,50000,12329,0.24658,0.0114559873625,0.006179696194649262,0.08219333333,heterogeneous-defect-sig-scalar
0.00863069932972596,0.0143844988828766,0.6,0.5,"(5, 5)",center data,9,3,50000,19211,0.38422,0.0156394818125,0.0075418232975186334,0.1280733333,heterogeneous-defect-sig-scalar
0.01099788426499464,0.0183298071083244,0.6,0.5,"(5, 5)",center data,9,3,50000,22964,0.45928,0.020371338125,0.0099152845278065,0.1530933333,heterogeneous-defect-sig-scalar
0.014014328814540719,0.0233572146909012,0.6,0.5,"(5, 5)",center data,9,3,50000,24549,0.49098,0.0265066971875,0.012922765138903428,0.16366,heterogeneous-defect-sig-scalar
0.01785810864978792,0.0297635144163132,0.6,0.5,"(5, 5)",center data,9,3,50000,24796,0.49592,0.031121367562500002,0.017238374379601486,0.1653066667,heterogeneous-defect-sig-scalar
0.0227561411443935,0.0379269019073225,0.6,0.5,"(5, 5)",center data,9,3,50000,25046,0.50092,0.04065281,0.022825479383843727,0.1669733333,heterogeneous-defect-sig-scalar
0.028997581431430497,0.0483293023857175,0.6,0.5,"(5, 5)",center data,9,3,50000,24780,0.4956,0.05059923676875,0.023040337767457633,0.1652,heterogeneous-defect-sig-scalar
0.03695089266396156,0.0615848211066026,0.6,0.5,"(5, 5)",center data,9,3,50000,25188,0.50376,0.06150229924999999,0.032895004262558744,0.16792,heterogeneous-defect-sig-scalar
0.04708559822108766,0.0784759970351461,0.6,0.5,"(5, 5)",center data,9,3,50000,24883,0.49766,0.0827651675,0.04269345879696114,0.1658866667,heterogeneous-defect-sig-scalar
0.06,0.1,0.6,0.5,"(5, 5)",center data,9,3,50000,25227,0.50454,0.102204934375,0.05508673238105756,0.16818,heterogeneous-defect-sig-scalar
0.0006,0.001,0.6,0.75,"(5, 5)",center data,9,3,50000,4,8e-05,0.00103655175,0.0005049844088119825,2.666666667e-05,heterogeneous-defect-sig-scalar
0.000764564991421878,0.00127427498570313,0.6,0.75,"(5, 5)",center data,9,3,50000,11,0.00022,0.00137346408125,0.0007096007129286245,7.333333333e-05,heterogeneous-defect-sig-scalar
0.000974266043513232,0.00162377673918872,0.6,0.75,"(5, 5)",center data,9,3,50000,40,0.0008,0.00169863245375,0.000878667473272824,0.0002666666667,heterogeneous-defect-sig-scalar
0.001241482848668874,0.00206913808111479,0.6,0.75,"(5, 5)",center data,9,3,50000,69,0.00138,0.00225150153125,0.0011640589105516466,0.00046,heterogeneous-defect-sig-scalar
0.001581990539238216,0.00263665089873036,0.6,0.75,"(5, 5)",center data,9,3,50000,168,0.00336,0.002746503475,0.0013687022969200925,0.00112,heterogeneous-defect-sig-scalar
0.002015890971770268,0.00335981828628378,0.6,0.75,"(5, 5)",center data,9,3,50000,464,0.00928,0.0035834473500000004,0.0018156942726586921,0.003093333333,heterogeneous-defect-sig-scalar
0.00256879943923164,0.0042813323987194,0.6,0.75,"(5, 5)",center data,9,3,50000,1062,0.02124,0.0046335404375,0.0022229959833219297,0.00708,heterogeneous-defect-sig-scalar
0.0032733568687011117,0.00545559478116852,0.6,0.75,"(5, 5)",center data,9,3,50000,2342,0.04684,0.00572748815,0.0028007435857373532,0.01561333333,heterogeneous-defect-sig-scalar
0.00417115677706536,0.0069519279617756,0.6,0.75,"(5, 5)",center data,9,3,50000,5710,0.1142,0.007703961749999999,0.0037774037130123435,0.03806666667,heterogeneous-defect-sig-scalar
0.0053152007424604915,0.00885866790410082,0.6,0.75,"(5, 5)",center data,9,3,50000,9823,0.19646,0.00994372175,0.005021064911763807,0.06548666667,heterogeneous-defect-sig-scalar
0.0067730273501081404,0.0112883789168469,0.6,0.75,"(5, 5)",center data,9,3,50000,12832,0.25664,0.0117682295,0.006062509822306662,0.08554666667,heterogeneous-defect-sig-scalar
0.00863069932972596,0.0143844988828766,0.6,0.75,"(5, 5)",center data,9,3,50000,20582,0.41164,0.0167781523125,0.007690686449461553,0.1372133333,heterogeneous-defect-sig-scalar
0.01099788426499464,0.0183298071083244,0.6,0.75,"(5, 5)",center data,9,3,50000,23369,0.46738,0.0202129590625,0.010443466504148766,0.1557933333,heterogeneous-defect-sig-scalar
0.014014328814540719,0.0233572146909012,0.6,0.75,"(5, 5)",center data,9,3,50000,23813,0.47626,0.023098728875000002,0.012719690984972571,0.1587533333,heterogeneous-defect-sig-scalar
0.01785810864978792,0.0297635144163132,0.6,0.75,"(5, 5)",center data,9,3,50000,24963,0.49926,0.031290799375,0.015417794931508919,0.16642,heterogeneous-defect-sig-scalar
0.0227561411443935,0.0379269019073225,0.6,0.75,"(5, 5)",center data,9,3,50000,24986,0.49972,0.04321646999999999,0.021019942678166398,0.1665733333,heterogeneous-defect-sig-scalar
0.028997581431430497,0.0483293023857175,0.6,0.75,"(5, 5)",center data,9,3,50000,24932,0.49864,0.053999776874999995,0.026369708466273907,0.1662133333,heterogeneous-defect-sig-scalar
0.03695089266396156,0.0615848211066026,0.6,0.75,"(5, 5)",center data,9,3,50000,25083,0.50166,0.062111896874999996,0.031856224610196715,0.16722,heterogeneous-defect-sig-scalar
0.04708559822108766,0.0784759970351461,0.6,0.75,"(5, 5)",center data,9,3,50000,25030,0.5006,0.0879774475,0.04233534595705158,0.1668666667,heterogeneous-defect-sig-scalar
0.06,0.1,0.6,0.75,"(5, 5)",center data,9,3,50000,25102,0.50204,0.10421638024999999,0.05335586768557836,0.1673466667,heterogeneous-defect-sig-scalar
0.000974266043513232,0.00162377673918872,0.6,0.0,"(6, 6)",center data,11,3,50000,2,4e-05,0.0017783500663900414,0.0008958325047671662,1.333333333e-05,heterogeneous-defect-sig-scalar
0.001241482848668874,0.00206913808111479,0.6,0.0,"(6, 6)",center data,11,3,50000,11,0.00022,0.002124895887966805,0.0010908469102337251,7.333333333e-05,heterogeneous-defect-sig-scalar
0.000764564991421878,0.00127427498570313,0.6,0.0,"(6, 6)",center data,11,3,50000,0,0.0,0.0013423162821576762,0.0006671449935622305,0.0,heterogeneous-defect-sig-scalar
0.0006,0.001,0.6,0.0,"(6, 6)",center data,11,3,50000,0,0.0,0.0010264526473029046,0.0005346788115825771,0.0,heterogeneous-defect-sig-scalar
0.002015890971770268,0.00335981828628378,0.6,0.0,"(6, 6)",center data,11,3,50000,132,0.00264,0.0037306263360995856,0.0018576352202416646,0.00088,heterogeneous-defect-sig-scalar
0.00417115677706536,0.0069519279617756,0.6,0.0,"(6, 6)",center data,11,3,50000,2721,0.05442,0.007198350124481327,0.0035351538888143993,0.01814,heterogeneous-defect-sig-scalar
0.001581990539238216,0.00263665089873036,0.6,0.0,"(6, 6)",center data,11,3,50000,33,0.00066,0.0027933997095435682,0.0014034868161132295,0.00022,heterogeneous-defect-sig-scalar
0.00256879943923164,0.0042813323987194,0.6,0.0,"(6, 6)",center data,11,3,50000,267,0.00534,0.004496757809128631,0.0024022998128625257,0.00178,heterogeneous-defect-sig-scalar
0.0053152007424604915,0.00885866790410082,0.6,0.0,"(6, 6)",center data,11,3,50000,6455,0.1291,0.009599852074688798,0.004789193814536434,0.04303333333,heterogeneous-defect-sig-scalar
0.0067730273501081404,0.0112883789168469,0.6,0.0,"(6, 6)",center data,11,3,50000,14184,0.28368,0.012604776265560167,0.005787810170718343,0.09456,heterogeneous-defect-sig-scalar
0.00863069932972596,0.0143844988828766,0.6,0.0,"(6, 6)",center data,11,3,50000,19894,0.39788,0.015751633817427384,0.007456463061996054,0.1326266667,heterogeneous-defect-sig-scalar
0.0032733568687011117,0.00545559478116852,0.6,0.0,"(6, 6)",center data,11,3,50000,894,0.01788,0.0056917622572614105,0.002798566788840813,0.00596,heterogeneous-defect-sig-scalar
0.01099788426499464,0.0183298071083244,0.6,0.0,"(6, 6)",center data,11,3,50000,22909,0.45818,0.019530190788381745,0.009842492367345001,0.1527266667,heterogeneous-defect-sig-scalar
0.014014328814540719,0.0233572146909012,0.6,0.0,"(6, 6)",center data,11,3,50000,24468,0.48936,0.024450095601659755,0.012415947831165187,0.16312,heterogeneous-defect-sig-scalar
0.01785810864978792,0.0297635144163132,0.6,0.0,"(6, 6)",center data,11,3,50000,24961,0.49922,0.03223841029045643,0.014673414819423426,0.1664066667,heterogeneous-defect-sig-scalar
0.0227561411443935,0.0379269019073225,0.6,0.0,"(6, 6)",center data,11,3,50000,25081,0.50162,0.03901192443983403,0.020105649834047726,0.1672066667,heterogeneous-defect-sig-scalar
0.028997581431430497,0.0483293023857175,0.6,0.0,"(6, 6)",center data,11,3,50000,24974,0.49948,0.050450368464730284,0.02561074484014419,0.1664933333,heterogeneous-defect-sig-scalar
0.03695089266396156,0.0615848211066026,0.6,0.0,"(6, 6)",center data,11,3,50000,24973,0.49946,0.06766353402489626,0.032804383039779686,0.1664866667,heterogeneous-defect-sig-scalar
0.04708559822108766,0.0784759970351461,0.6,0.0,"(6, 6)",center data,11,3,50000,25060,0.5012,0.07996988747302904,0.04254884199360912,0.1670666667,heterogeneous-defect-sig-scalar
0.06,0.1,0.6,0.0,"(6, 6)",center data,11,3,50000,24971,0.49942,0.10177349630705394,0.053573693836752596,0.1664733333,heterogeneous-defect-sig-scalar
0.0006,0.001,0.6,0.05,"(6, 6)",center data,11,3,50000,0,0.0,0.0010954857883333333,0.0005705326599113071,0.0,heterogeneous-defect-sig-scalar
0.000764564991421878,0.00127427498570313,0.6,0.05,"(6, 6)",center data,11,3,50000,1,2e-05,0.0013869814208333333,0.0007315844590357702,6.666666667e-06,heterogeneous-defect-sig-scalar
0.000974266043513232,0.00162377673918872,0.6,0.05,"(6, 6)",center data,11,3,50000,4,8e-05,0.001643040816666667,0.0008576445459760946,2.666666667e-05,heterogeneous-defect-sig-scalar
0.001241482848668874,0.00206913808111479,0.6,0.05,"(6, 6)",center data,11,3,50000,4,8e-05,0.0021520995708333335,0.0011526200399278824,2.666666667e-05,heterogeneous-defect-sig-scalar
0.001581990539238216,0.00263665089873036,0.6,0.05,"(6, 6)",center data,11,3,50000,33,0.00066,0.0027239854874999995,0.001446956704139908,0.00022,heterogeneous-defect-sig-scalar
0.002015890971770268,0.00335981828628378,0.6,0.05,"(6, 6)",center data,11,3,50000,126,0.00252,0.003577320916666667,0.0017120021949248467,0.00084,heterogeneous-defect-sig-scalar
0.00256879943923164,0.0042813323987194,0.6,0.05,"(6, 6)",center data,11,3,50000,431,0.00862,0.0044078823375,0.0022982273660308735,0.002873333333,heterogeneous-defect-sig-scalar
0.0032733568687011117,0.00545559478116852,0.6,0.05,"(6, 6)",center data,11,3,50000,1336,0.02672,0.006015726708333334,0.002824223788517755,0.008906666667,heterogeneous-defect-sig-scalar
0.00417115677706536,0.0069519279617756,0.6,0.05,"(6, 6)",center data,11,3,50000,3698,0.07396,0.007674852333333333,0.004059266755223418,0.02465333333,heterogeneous-defect-sig-scalar
0.0053152007424604915,0.00885866790410082,0.6,0.05,"(6, 6)",center data,11,3,50000,6757,0.13514,0.009357030324999998,0.004859379156454479,0.04504666667,heterogeneous-defect-sig-scalar
0.0067730273501081404,0.0112883789168469,0.6,0.05,"(6, 6)",center data,11,3,50000,13158,0.26316,0.012021312304166669,0.0064145925135871635,0.08772,heterogeneous-defect-sig-scalar
0.00863069932972596,0.0143844988828766,0.6,0.05,"(6, 6)",center data,11,3,50000,19927,0.39854,0.016097782291666664,0.007894155817650442,0.1328466667,heterogeneous-defect-sig-scalar
0.01099788426499464,0.0183298071083244,0.6,0.05,"(6, 6)",center data,11,3,50000,23396,0.46792,0.019435749458333332,0.008973848964724628,0.1559733333,heterogeneous-defect-sig-scalar
0.014014328814540719,0.0233572146909012,0.6,0.05,"(6, 6)",center data,11,3,50000,24667,0.49334,0.024404847750000003,0.013238004500015884,0.1644466667,heterogeneous-defect-sig-scalar
0.01785810864978792,0.0297635144163132,0.6,0.05,"(6, 6)",center data,11,3,50000,25082,0.50164,0.03153694570833333,0.015108733313262271,0.1672133333,heterogeneous-defect-sig-scalar
0.0227561411443935,0.0379269019073225,0.6,0.05,"(6, 6)",center data,11,3,50000,24783,0.49566,0.043198596208333336,0.021825368224766627,0.16522,heterogeneous-defect-sig-scalar
0.028997581431430497,0.0483293023857175,0.6,0.05,"(6, 6)",center data,11,3,50000,25175,0.5035,0.05005494233333333,0.02650988691184329,0.1678333333,heterogeneous-defect-sig-scalar
0.03695089266396156,0.0615848211066026,0.6,0.05,"(6, 6)",center data,11,3,50000,24868,0.49736,0.06581420357083334,0.0329145598108782,0.1657866667,heterogeneous-defect-sig-scalar
0.04708559822108766,0.0784759970351461,0.6,0.05,"(6, 6)",center data,11,3,50000,24836,0.49672,0.08414883916666668,0.04203984014612269,0.1655733333,heterogeneous-defect-sig-scalar
0.06,0.1,0.6,0.05,"(6, 6)",center data,11,3,50000,24899,0.49798,0.10399371750000001,0.051895135376669566,0.1659933333,heterogeneous-defect-sig-scalar
0.0006,0.001,0.6,0.25,"(6, 6)",center data,11,3,50000,0,0.0,0.0010798467083333332,0.0005660453371913832,0.0,heterogeneous-defect-sig-scalar
0.000764564991421878,0.00127427498570313,0.6,0.25,"(6, 6)",center data,11,3,50000,1,2e-05,0.0012751774083333335,0.0006708009929858668,6.666666667e-06,heterogeneous-defect-sig-scalar
0.000974266043513232,0.00162377673918872,0.6,0.25,"(6, 6)",center data,11,3,50000,3,6e-05,0.0017257095987499999,0.0009702653282927679,2e-05,heterogeneous-defect-sig-scalar
0.001241482848668874,0.00206913808111479,0.6,0.25,"(6, 6)",center data,11,3,50000,21,0.00042,0.00225685525,0.0010779075656215165,0.00014,heterogeneous-defect-sig-scalar
0.002015890971770268,0.00335981828628378,0.6,0.25,"(6, 6)",center data,11,3,50000,152,0.00304,0.003589094208333333,0.0018199315058206283,0.001013333333,heterogeneous-defect-sig-scalar
0.001581990539238216,0.00263665089873036,0.6,0.25,"(6, 6)",center data,11,3,50000,57,0.00114,0.0026757113541666664,0.0014498370358424267,0.00038,heterogeneous-defect-sig-scalar
0.00256879943923164,0.0042813323987194,0.6,0.25,"(6, 6)",center data,11,3,50000,401,0.00802,0.0044069486275,0.002183689951834199,0.002673333333,heterogeneous-defect-sig-scalar
0.0032733568687011117,0.00545559478116852,0.6,0.25,"(6, 6)",center data,11,3,50000,1456,0.02912,0.005801108291666666,0.002864067471367425,0.009706666667,heterogeneous-defect-sig-scalar
0.00417115677706536,0.0069519279617756,0.6,0.25,"(6, 6)",center data,11,3,50000,3335,0.0667,0.007315559791666666,0.003902505132592338,0.02223333333,heterogeneous-defect-sig-scalar
0.0053152007424604915,0.00885866790410082,0.6,0.25,"(6, 6)",center data,11,3,50000,7107,0.14214,0.009369434375000001,0.004883835380569723,0.04738,heterogeneous-defect-sig-scalar
0.0067730273501081404,0.0112883789168469,0.6,0.25,"(6, 6)",center data,11,3,50000,14549,0.29098,0.012464010008333333,0.0063647929685769185,0.09699333333,heterogeneous-defect-sig-scalar
0.00863069932972596,0.0143844988828766,0.6,0.25,"(6, 6)",center data,11,3,50000,18808,0.37616,0.015530670329166666,0.00799829545819766,0.1253866667,heterogeneous-defect-sig-scalar
0.01099788426499464,0.0183298071083244,0.6,0.25,"(6, 6)",center data,11,3,50000,23326,0.46652,0.019344237833333333,0.010278136127587505,0.1555066667,heterogeneous-defect-sig-scalar
0.014014328814540719,0.0233572146909012,0.6,0.25,"(6, 6)",center data,11,3,50000,24652,0.49304,0.024644917375000002,0.013053681914499649,0.1643466667,heterogeneous-defect-sig-scalar
0.01785810864978792,0.0297635144163132,0.6,0.25,"(6, 6)",center data,11,3,50000,24996,0.49992,0.0318028325,0.015196170461192201,0.16664,heterogeneous-defect-sig-scalar
0.0227561411443935,0.0379269019073225,0.6,0.25,"(6, 6)",center data,11,3,50000,24833,0.49666,0.038870970958333334,0.02119735741700176,0.1655533333,heterogeneous-defect-sig-scalar
0.028997581431430497,0.0483293023857175,0.6,0.25,"(6, 6)",center data,11,3,50000,25021,0.50042,0.050325768750000006,0.02627246331546394,0.1668066667,heterogeneous-defect-sig-scalar
0.03695089266396156,0.0615848211066026,0.6,0.25,"(6, 6)",center data,11,3,50000,25011,0.50022,0.067098106,0.03418729442102945,0.16674,heterogeneous-defect-sig-scalar
0.04708559822108766,0.0784759970351461,0.6,0.25,"(6, 6)",center data,11,3,50000,24973,0.49946,0.08316569833333333,0.044602991996543766,0.1664866667,heterogeneous-defect-sig-scalar
0.06,0.1,0.6,0.25,"(6, 6)",center data,11,3,50000,25025,0.5005,0.10438965041666667,0.054282605504271955,0.1668333333,heterogeneous-defect-sig-scalar
0.0006,0.001,0.6,0.5,"(6, 6)",center data,11,3,50000,1,2e-05,0.00102114618625,0.0005262474810803087,6.666666667e-06,heterogeneous-defect-sig-scalar
0.000764564991421878,0.00127427498570313,0.6,0.5,"(6, 6)",center data,11,3,50000,0,0.0,0.00132150165,0.0006898941719550984,0.0,heterogeneous-defect-sig-scalar
0.000974266043513232,0.00162377673918872,0.6,0.5,"(6, 6)",center data,11,3,50000,5,0.0001,0.0017479991333333334,0.0009188401107869723,3.333333333e-05,heterogeneous-defect-sig-scalar
0.001241482848668874,0.00206913808111479,0.6,0.5,"(6, 6)",center data,11,3,50000,19,0.00038,0.0021477828195833335,0.0010525957436021234,0.0001266666667,heterogeneous-defect-sig-scalar
0.001581990539238216,0.00263665089873036,0.6,0.5,"(6, 6)",center data,11,3,50000,56,0.00112,0.0028206394566666665,0.0013755103063037499,0.0003733333333,heterogeneous-defect-sig-scalar
0.002015890971770268,0.00335981828628378,0.6,0.5,"(6, 6)",center data,11,3,50000,203,0.00406,0.003532811458333333,0.001844899362044569,0.001353333333,heterogeneous-defect-sig-scalar
0.00256879943923164,0.0042813323987194,0.6,0.5,"(6, 6)",center data,11,3,50000,542,0.01084,0.004423904645833334,0.002397031341212192,0.003613333333,heterogeneous-defect-sig-scalar
0.0032733568687011117,0.00545559478116852,0.6,0.5,"(6, 6)",center data,11,3,50000,1038,0.02076,0.005509065841666666,0.00289474340773802,0.00692,heterogeneous-defect-sig-scalar
0.00417115677706536,0.0069519279617756,0.6,0.5,"(6, 6)",center data,11,3,50000,3344,0.06688,0.007293725204166666,0.0036597173036063755,0.02229333333,heterogeneous-defect-sig-scalar
0.0053152007424604915,0.00885866790410082,0.6,0.5,"(6, 6)",center data,11,3,50000,6452,0.12904,0.009082086933333334,0.004630957745487769,0.04301333333,heterogeneous-defect-sig-scalar
0.0067730273501081404,0.0112883789168469,0.6,0.5,"(6, 6)",center data,11,3,50000,12890,0.2578,0.012100904041666668,0.006048256808286025,0.08593333333,heterogeneous-defect-sig-scalar
0.00863069932972596,0.0143844988828766,0.6,0.5,"(6, 6)",center data,11,3,50000,18372,0.36744,0.014519440154166667,0.007969423701093256,0.12248,heterogeneous-defect-sig-scalar
0.01099788426499464,0.0183298071083244,0.6,0.5,"(6, 6)",center data,11,3,50000,23499,0.46998,0.019884757320833335,0.010501411490025049,0.15666,heterogeneous-defect-sig-scalar
0.014014328814540719,0.0233572146909012,0.6,0.5,"(6, 6)",center data,11,3,50000,24670,0.4934,0.024762660625,0.012152334136362172,0.1644666667,heterogeneous-defect-sig-scalar
0.01785810864978792,0.0297635144163132,0.6,0.5,"(6, 6)",center data,11,3,50000,24906,0.49812,0.03305028625,0.01669366040670138,0.16604,heterogeneous-defect-sig-scalar
0.0227561411443935,0.0379269019073225,0.6,0.5,"(6, 6)",center data,11,3,50000,24961,0.49922,0.03874749983333333,0.01986768777030753,0.1664066667,heterogeneous-defect-sig-scalar
0.028997581431430497,0.0483293023857175,0.6,0.5,"(6, 6)",center data,11,3,50000,25286,0.50572,0.0525757525,0.027017103020057692,0.1685733333,heterogeneous-defect-sig-scalar
0.03695089266396156,0.0615848211066026,0.6,0.5,"(6, 6)",center data,11,3,50000,25046,0.50092,0.06991256416666666,0.03345258538788842,0.1669733333,heterogeneous-defect-sig-scalar
0.04708559822108766,0.0784759970351461,0.6,0.5,"(6, 6)",center data,11,3,50000,25090,0.5018,0.08318310112499999,0.04177767961198373,0.1672666667,heterogeneous-defect-sig-scalar
0.06,0.1,0.6,0.5,"(6, 6)",center data,11,3,50000,25099,0.50198,0.10470858833333334,0.053781512668345875,0.1673266667,heterogeneous-defect-sig-scalar
0.0006,0.001,0.6,0.75,"(6, 6)",center data,11,3,50000,1,2e-05,0.0010416709083333332,0.0005250936136619224,6.666666667e-06,heterogeneous-defect-sig-scalar
0.000764564991421878,0.00127427498570313,0.6,0.75,"(6, 6)",center data,11,3,50000,2,4e-05,0.0013285647629166667,0.0007520550004667548,1.333333333e-05,heterogeneous-defect-sig-scalar
0.000974266043513232,0.00162377673918872,0.6,0.75,"(6, 6)",center data,11,3,50000,6,0.00012,0.0017844738708333334,0.0008528752262124987,4e-05,heterogeneous-defect-sig-scalar
0.001241482848668874,0.00206913808111479,0.6,0.75,"(6, 6)",center data,11,3,50000,16,0.00032,0.0021436088375,0.0011241057877617855,0.0001066666667,heterogeneous-defect-sig-scalar
0.001581990539238216,0.00263665089873036,0.6,0.75,"(6, 6)",center data,11,3,50000,49,0.00098,0.0028344714500000002,0.0013331313787182282,0.0003266666667,heterogeneous-defect-sig-scalar
0.00256879943923164,0.0042813323987194,0.6,0.75,"(6, 6)",center data,11,3,50000,652,0.01304,0.004649231333333333,0.0024171838337077763,0.004346666667,heterogeneous-defect-sig-scalar
0.002015890971770268,0.00335981828628378,0.6,0.75,"(6, 6)",center data,11,3,50000,207,0.00414,0.00362069215,0.001866702184565545,0.00138,heterogeneous-defect-sig-scalar
0.0032733568687011117,0.00545559478116852,0.6,0.75,"(6, 6)",center data,11,3,50000,1556,0.03112,0.00597591975875,0.003356758326173789,0.01037333333,heterogeneous-defect-sig-scalar
0.00417115677706536,0.0069519279617756,0.6,0.75,"(6, 6)",center data,11,3,50000,4013,0.08026,0.0074893585125000006,0.003845414893014037,0.02675333333,heterogeneous-defect-sig-scalar
0.0053152007424604915,0.00885866790410082,0.6,0.75,"(6, 6)",center data,11,3,50000,8635,0.1727,0.009555603916666666,0.004709098937227676,0.05756666667,heterogeneous-defect-sig-scalar
0.0067730273501081404,0.0112883789168469,0.6,0.75,"(6, 6)",center data,11,3,50000,13158,0.26316,0.011094626329166666,0.005876277911394758,0.08772,heterogeneous-defect-sig-scalar
0.00863069932972596,0.0143844988828766,0.6,0.75,"(6, 6)",center data,11,3,50000,19730,0.3946,0.015629543958333332,0.007983853264081233,0.1315333333,heterogeneous-defect-sig-scalar
0.01099788426499464,0.0183298071083244,0.6,0.75,"(6, 6)",center data,11,3,50000,23121,0.46242,0.019636518791666665,0.009195650329272383,0.15414,heterogeneous-defect-sig-scalar
0.014014328814540719,0.0233572146909012,0.6,0.75,"(6, 6)",center data,11,3,50000,24562,0.49124,0.025190174333333332,0.01335140260757974,0.1637466667,heterogeneous-defect-sig-scalar
0.01785810864978792,0.0297635144163132,0.6,0.75,"(6, 6)",center data,11,3,50000,25087,0.50174,0.034507258732500004,0.01567858677426888,0.1672466667,heterogeneous-defect-sig-scalar
0.0227561411443935,0.0379269019073225,0.6,0.75,"(6, 6)",center data,11,3,50000,24917,0.49834,0.04269749270833333,0.019530900719648057,0.1661133333,heterogeneous-defect-sig-scalar
0.028997581431430497,0.0483293023857175,0.6,0.75,"(6, 6)",center data,11,3,50000,25008,0.50016,0.051281594124999996,0.027099060560833086,0.16672,heterogeneous-defect-sig-scalar
0.03695089266396156,0.0615848211066026,0.6,0.75,"(6, 6)",center data,11,3,50000,25114,0.50228,0.06256169175000001,0.03292900520799432,0.1674266667,heterogeneous-defect-sig-scalar
0.04708559822108766,0.0784759970351461,0.6,0.75,"(6, 6)",center data,11,3,50000,24988,0.49976,0.08512232495833333,0.039590992623075714,0.1665866667,heterogeneous-defect-sig-scalar
0.06,0.1,0.6,0.75,"(6, 6)",center data,11,3,50000,24965,0.4993,0.10484883333333334,0.05472223989254709,0.1664333333,heterogeneous-defect-sig-scalar
0.0006,0.001,0.6,0.0,"(7, 7)",center data,13,3,50000,0,0.0,0.0010561109332344212,0.0005309238273915559,0.0,heterogeneous-defect-sig-scalar
0.000974266043513232,0.00162377673918872,0.6,0.0,"(7, 7)",center data,13,3,50000,1,2e-05,0.0018121651836795253,0.0009374508554134236,6.666666667e-06,heterogeneous-defect-sig-scalar
0.000764564991421878,0.00127427498570313,0.6,0.0,"(7, 7)",center data,13,3,50000,0,0.0,0.0013541546557863501,0.0006760565237878904,0.0,heterogeneous-defect-sig-scalar
0.001581990539238216,0.00263665089873036,0.6,0.0,"(7, 7)",center data,13,3,50000,10,0.0002,0.002787930682492581,0.0014804292797638914,6.666666667e-05,heterogeneous-defect-sig-scalar
0.001241482848668874,0.00206913808111479,0.6,0.0,"(7, 7)",center data,13,3,50000,2,4e-05,0.002195555133531157,0.0010697912086404195,1.333333333e-05,heterogeneous-defect-sig-scalar
0.0032733568687011117,0.00545559478116852,0.6,0.0,"(7, 7)",center data,13,3,50000,532,0.01064,0.005569439712166171,0.002820702959063927,0.003546666667,heterogeneous-defect-sig-scalar
0.00256879943923164,0.0042813323987194,0.6,0.0,"(7, 7)",center data,13,3,50000,277,0.00554,0.004802013857566766,0.0022342609409340126,0.001846666667,heterogeneous-defect-sig-scalar
0.0067730273501081404,0.0112883789168469,0.6,0.0,"(7, 7)",center data,13,3,50000,12081,0.24162,0.011935941145400595,0.006223708044686744,0.08054,heterogeneous-defect-sig-scalar
0.0053152007424604915,0.00885866790410082,0.6,0.0,"(7, 7)",center data,13,3,50000,6229,0.12458,0.009377002492581603,0.004477272654828638,0.04152666667,heterogeneous-defect-sig-scalar
0.00863069932972596,0.0143844988828766,0.6,0.0,"(7, 7)",center data,13,3,50000,19439,0.38878,0.015382961810089019,0.006990916097333501,0.1295933333,heterogeneous-defect-sig-scalar
0.00417115677706536,0.0069519279617756,0.6,0.0,"(7, 7)",center data,13,3,50000,2603,0.05206,0.007656315961424332,0.003915334207718169,0.01735333333,heterogeneous-defect-sig-scalar
0.002015890971770268,0.00335981828628378,0.6,0.0,"(7, 7)",center data,13,3,50000,51,0.00102,0.0035868816350148373,0.0017845894058500127,0.00034,heterogeneous-defect-sig-scalar
0.01099788426499464,0.0183298071083244,0.6,0.0,"(7, 7)",center data,13,3,50000,24198,0.48396,0.019768514540059345,0.010341501271630811,0.16132,heterogeneous-defect-sig-scalar
0.014014328814540719,0.0233572146909012,0.6,0.0,"(7, 7)",center data,13,3,50000,24716,0.49432,0.023307587833827897,0.012427015389871354,0.1647733333,heterogeneous-defect-sig-scalar
0.01785810864978792,0.0297635144163132,0.6,0.0,"(7, 7)",center data,13,3,50000,25277,0.50554,0.03257809261127596,0.016380526094237607,0.1685133333,heterogeneous-defect-sig-scalar
0.0227561411443935,0.0379269019073225,0.6,0.0,"(7, 7)",center data,13,3,50000,24942,0.49884,0.03986475029970326,0.020077519268691363,0.16628,heterogeneous-defect-sig-scalar
0.028997581431430497,0.0483293023857175,0.6,0.0,"(7, 7)",center data,13,3,50000,25079,0.50158,0.050138200860534124,0.026879546936266853,0.1671933333,heterogeneous-defect-sig-scalar
0.03695089266396156,0.0615848211066026,0.6,0.0,"(7, 7)",center data,13,3,50000,25106,0.50212,0.06699926676557863,0.033806992177065114,0.1673733333,heterogeneous-defect-sig-scalar
0.04708559822108766,0.0784759970351461,0.6,0.0,"(7, 7)",center data,13,3,50000,24929,0.49858,0.08367682166172107,0.04030105837838453,0.1661933333,heterogeneous-defect-sig-scalar
0.06,0.1,0.6,0.0,"(7, 7)",center data,13,3,50000,24970,0.4994,0.10366197151335313,0.0521006755986225,0.1664666667,heterogeneous-defect-sig-scalar
0.0006,0.001,0.6,0.05,"(7, 7)",center data,13,3,50000,0,0.0,0.0010243280535714287,0.0005259214649445144,0.0,heterogeneous-defect-sig-scalar
0.000764564991421878,0.00127427498570313,0.6,0.05,"(7, 7)",center data,13,3,50000,0,0.0,0.0013175411220238094,0.0007106126111418423,0.0,heterogeneous-defect-sig-scalar
0.000974266043513232,0.00162377673918872,0.6,0.05,"(7, 7)",center data,13,3,50000,1,2e-05,0.0016819233452380952,0.0008556954628895954,6.666666667e-06,heterogeneous-defect-sig-scalar
0.001241482848668874,0.00206913808111479,0.6,0.05,"(7, 7)",center data,13,3,50000,2,4e-05,0.0022253959910714283,0.0011545882101139497,1.333333333e-05,heterogeneous-defect-sig-scalar
0.001581990539238216,0.00263665089873036,0.6,0.05,"(7, 7)",center data,13,3,50000,23,0.00046,0.0029121799464285713,0.0015232589876614671,0.0001533333333,heterogeneous-defect-sig-scalar
0.002015890971770268,0.00335981828628378,0.6,0.05,"(7, 7)",center data,13,3,50000,59,0.00118,0.0035465719494047624,0.001767347260296117,0.0003933333333,heterogeneous-defect-sig-scalar
0.00256879943923164,0.0042813323987194,0.6,0.05,"(7, 7)",center data,13,3,50000,239,0.00478,0.004672258273809524,0.0023291021736607407,0.001593333333,heterogeneous-defect-sig-scalar
0.0032733568687011117,0.00545559478116852,0.6,0.05,"(7, 7)",center data,13,3,50000,1021,0.02042,0.006086981517857143,0.002957420947271842,0.006806666667,heterogeneous-defect-sig-scalar
0.00417115677706536,0.0069519279617756,0.6,0.05,"(7, 7)",center data,13,3,50000,2112,0.04224,0.007325905190476191,0.003805576760093573,0.01408,heterogeneous-defect-sig-scalar
0.0053152007424604915,0.00885866790410082,0.6,0.05,"(7, 7)",center data,13,3,50000,6755,0.1351,0.009474351964285714,0.004561209922058231,0.04503333333,heterogeneous-defect-sig-scalar
0.0067730273501081404,0.0112883789168469,0.6,0.05,"(7, 7)",center data,13,3,50000,14638,0.29276,0.012355812985119048,0.005844306479238218,0.09758666667,heterogeneous-defect-sig-scalar
0.00863069932972596,0.0143844988828766,0.6,0.05,"(7, 7)",center data,13,3,50000,20460,0.4092,0.015255320931250002,0.007385486075568527,0.1364,heterogeneous-defect-sig-scalar
0.01099788426499464,0.0183298071083244,0.6,0.05,"(7, 7)",center data,13,3,50000,24067,0.48134,0.019541304848214286,0.009459914337370095,0.1604466667,heterogeneous-defect-sig-scalar
0.014014328814540719,0.0233572146909012,0.6,0.05,"(7, 7)",center data,13,3,50000,24899,0.49798,0.02502020617261905,0.012502989679599582,0.1659933333,heterogeneous-defect-sig-scalar
0.01785810864978792,0.0297635144163132,0.6,0.05,"(7, 7)",center data,13,3,50000,25042,0.50084,0.03165903889880953,0.015671149608266932,0.1669466667,heterogeneous-defect-sig-scalar
0.0227561411443935,0.0379269019073225,0.6,0.05,"(7, 7)",center data,13,3,50000,25073,0.50146,0.0378834349702381,0.019579015224725542,0.1671533333,heterogeneous-defect-sig-scalar
0.028997581431430497,0.0483293023857175,0.6,0.05,"(7, 7)",center data,13,3,50000,24778,0.49556,0.054090206547619056,0.02705259485740592,0.1651866667,heterogeneous-defect-sig-scalar
0.03695089266396156,0.0615848211066026,0.6,0.05,"(7, 7)",center data,13,3,50000,24930,0.4986,0.06817250139880951,0.03218052216895691,0.1662,heterogeneous-defect-sig-scalar
0.04708559822108766,0.0784759970351461,0.6,0.05,"(7, 7)",center data,13,3,50000,24994,0.49988,0.08304914136904762,0.04170153579977083,0.1666266667,heterogeneous-defect-sig-scalar
0.06,0.1,0.6,0.05,"(7, 7)",center data,13,3,50000,24989,0.49978,0.10065635735119048,0.05086671294126006,0.1665933333,heterogeneous-defect-sig-scalar
0.0006,0.001,0.6,0.25,"(7, 7)",center data,13,3,50000,0,0.0,0.001027880706845238,0.0005018251835735134,0.0,heterogeneous-defect-sig-scalar
0.000764564991421878,0.00127427498570313,0.6,0.25,"(7, 7)",center data,13,3,50000,2,4e-05,0.001412534925595238,0.0007226868403751106,1.333333333e-05,heterogeneous-defect-sig-scalar
0.000974266043513232,0.00162377673918872,0.6,0.25,"(7, 7)",center data,13,3,50000,0,0.0,0.0017600476934523808,0.0008869389508074034,0.0,heterogeneous-defect-sig-scalar
0.001241482848668874,0.00206913808111479,0.6,0.25,"(7, 7)",center data,13,3,50000,7,0.00014,0.002264451014583333,0.001100485001722939,4.666666667e-05,heterogeneous-defect-sig-scalar
0.001581990539238216,0.00263665089873036,0.6,0.25,"(7, 7)",center data,13,3,50000,14,0.00028,0.0027187234083333334,0.0014543622511549229,9.333333333e-05,heterogeneous-defect-sig-scalar
0.002015890971770268,0.00335981828628378,0.6,0.25,"(7, 7)",center data,13,3,50000,73,0.00146,0.003619940300595238,0.0018052251938109533,0.0004866666667,heterogeneous-defect-sig-scalar
0.00256879943923164,0.0042813323987194,0.6,0.25,"(7, 7)",center data,13,3,50000,240,0.0048,0.004457377732142857,0.0022817204395287867,0.0016,heterogeneous-defect-sig-scalar
0.0032733568687011117,0.00545559478116852,0.6,0.25,"(7, 7)",center data,13,3,50000,906,0.01812,0.005761983101190476,0.002958407600274704,0.00604,heterogeneous-defect-sig-scalar
0.00417115677706536,0.0069519279617756,0.6,0.25,"(7, 7)",center data,13,3,50000,2266,0.04532,0.007133627916666665,0.003574885311418238,0.01510666667,heterogeneous-defect-sig-scalar
0.0053152007424604915,0.00885866790410082,0.6,0.25,"(7, 7)",center data,13,3,50000,6938,0.13876,0.00927213374404762,0.004890748570649228,0.04625333333,heterogeneous-defect-sig-scalar
0.0067730273501081404,0.0112883789168469,0.6,0.25,"(7, 7)",center data,13,3,50000,14481,0.28962,0.012399479851190477,0.006256082545908653,0.09654,heterogeneous-defect-sig-scalar
0.00863069932972596,0.0143844988828766,0.6,0.25,"(7, 7)",center data,13,3,50000,20129,0.40258,0.015229472330357142,0.007792169801143306,0.1341933333,heterogeneous-defect-sig-scalar
0.01099788426499464,0.0183298071083244,0.6,0.25,"(7, 7)",center data,13,3,50000,24301,0.48602,0.019715290773809523,0.01005211168967351,0.1620066667,heterogeneous-defect-sig-scalar
0.014014328814540719,0.0233572146909012,0.6,0.25,"(7, 7)",center data,13,3,50000,24976,0.49952,0.026133527172619044,0.013754396047856717,0.1665066667,heterogeneous-defect-sig-scalar
0.01785810864978792,0.0297635144163132,0.6,0.25,"(7, 7)",center data,13,3,50000,24956,0.49912,0.030881217261904764,0.014757859547008383,0.1663733333,heterogeneous-defect-sig-scalar
0.0227561411443935,0.0379269019073225,0.6,0.25,"(7, 7)",center data,13,3,50000,24932,0.49864,0.041861378869047616,0.020123912185953705,0.1662133333,heterogeneous-defect-sig-scalar
0.028997581431430497,0.0483293023857175,0.6,0.25,"(7, 7)",center data,13,3,50000,24825,0.4965,0.05165105508928571,0.027506291131307016,0.1655,heterogeneous-defect-sig-scalar
0.03695089266396156,0.0615848211066026,0.6,0.25,"(7, 7)",center data,13,3,50000,24858,0.49716,0.06644491946428571,0.033237088803516744,0.16572,heterogeneous-defect-sig-scalar
0.04708559822108766,0.0784759970351461,0.6,0.25,"(7, 7)",center data,13,3,50000,24967,0.49934,0.08474935773809524,0.041120844685188465,0.1664466667,heterogeneous-defect-sig-scalar
0.0006,0.001,0.6,0.5,"(7, 7)",center data,13,3,50000,0,0.0,0.0010566795982142857,0.0005171962232881905,0.0,heterogeneous-defect-sig-scalar
0.06,0.1,0.6,0.25,"(7, 7)",center data,13,3,50000,24934,0.49868,0.10843617619047621,0.0547685241573236,0.1662266667,heterogeneous-defect-sig-scalar
0.000764564991421878,0.00127427498570313,0.6,0.5,"(7, 7)",center data,13,3,50000,0,0.0,0.0013072066363095237,0.0007200366252068049,0.0,heterogeneous-defect-sig-scalar
0.000974266043513232,0.00162377673918872,0.6,0.5,"(7, 7)",center data,13,3,50000,0,0.0,0.0016955231726190473,0.0008539131613684159,0.0,heterogeneous-defect-sig-scalar
0.001241482848668874,0.00206913808111479,0.6,0.5,"(7, 7)",center data,13,3,50000,5,0.0001,0.0022147597339285713,0.0011904137550209468,3.333333333e-05,heterogeneous-defect-sig-scalar
0.001581990539238216,0.00263665089873036,0.6,0.5,"(7, 7)",center data,13,3,50000,17,0.00034,0.0027609712857142856,0.0014027999245258172,0.0001133333333,heterogeneous-defect-sig-scalar
0.002015890971770268,0.00335981828628378,0.6,0.5,"(7, 7)",center data,13,3,50000,70,0.0014,0.0034790558851190475,0.0017886371674747075,0.0004666666667,heterogeneous-defect-sig-scalar
0.00256879943923164,0.0042813323987194,0.6,0.5,"(7, 7)",center data,13,3,50000,349,0.00698,0.004713193363095238,0.0022224117102407417,0.002326666667,heterogeneous-defect-sig-scalar
0.0032733568687011117,0.00545559478116852,0.6,0.5,"(7, 7)",center data,13,3,50000,1251,0.02502,0.005854439244047619,0.002992296521911726,0.00834,heterogeneous-defect-sig-scalar
0.00417115677706536,0.0069519279617756,0.6,0.5,"(7, 7)",center data,13,3,50000,3157,0.06314,0.0076244251488095235,0.0036209654508350462,0.02104666667,heterogeneous-defect-sig-scalar
0.0053152007424604915,0.00885866790410082,0.6,0.5,"(7, 7)",center data,13,3,50000,6649,0.13298,0.009239152208035714,0.004790157967487895,0.04432666667,heterogeneous-defect-sig-scalar
0.0067730273501081404,0.0112883789168469,0.6,0.5,"(7, 7)",center data,13,3,50000,15497,0.30994,0.012857922580357143,0.006476845746469535,0.1033133333,heterogeneous-defect-sig-scalar
0.00863069932972596,0.0143844988828766,0.6,0.5,"(7, 7)",center data,13,3,50000,21869,0.43738,0.015636310261904762,0.007367241604396759,0.1457933333,heterogeneous-defect-sig-scalar
0.01099788426499464,0.0183298071083244,0.6,0.5,"(7, 7)",center data,13,3,50000,23772,0.47544,0.019231517529761905,0.00977934494613295,0.15848,heterogeneous-defect-sig-scalar
0.014014328814540719,0.0233572146909012,0.6,0.5,"(7, 7)",center data,13,3,50000,25053,0.50106,0.02414186399940476,0.013278788699595333,0.16702,heterogeneous-defect-sig-scalar
0.01785810864978792,0.0297635144163132,0.6,0.5,"(7, 7)",center data,13,3,50000,25054,0.50108,0.030825231791666668,0.01644515908221071,0.1670266667,heterogeneous-defect-sig-scalar
0.0227561411443935,0.0379269019073225,0.6,0.5,"(7, 7)",center data,13,3,50000,24962,0.49924,0.04057541211309524,0.020234478057424954,0.1664133333,heterogeneous-defect-sig-scalar
0.028997581431430497,0.0483293023857175,0.6,0.5,"(7, 7)",center data,13,3,50000,25014,0.50028,0.0522187006547619,0.02663785349077714,0.16676,heterogeneous-defect-sig-scalar
0.03695089266396156,0.0615848211066026,0.6,0.5,"(7, 7)",center data,13,3,50000,24982,0.49964,0.07101451726190475,0.03431033637728664,0.1665466667,heterogeneous-defect-sig-scalar
0.04708559822108766,0.0784759970351461,0.6,0.5,"(7, 7)",center data,13,3,50000,25230,0.5046,0.08553216504464285,0.040475424095891076,0.1682,heterogeneous-defect-sig-scalar
0.06,0.1,0.6,0.5,"(7, 7)",center data,13,3,50000,25085,0.5017,0.10976489255952379,0.05385666925196627,0.1672333333,heterogeneous-defect-sig-scalar
0.0006,0.001,0.6,0.75,"(7, 7)",center data,13,3,50000,0,0.0,0.0010976403839285714,0.0005299139003315198,0.0,heterogeneous-defect-sig-scalar
0.000764564991421878,0.00127427498570313,0.6,0.75,"(7, 7)",center data,13,3,50000,0,0.0,0.0012437006386904763,0.0007194597506712481,0.0,heterogeneous-defect-sig-scalar
0.000974266043513232,0.00162377673918872,0.6,0.75,"(7, 7)",center data,13,3,50000,2,4e-05,0.0017462207559523811,0.0008692254099574564,1.333333333e-05,heterogeneous-defect-sig-scalar
0.001241482848668874,0.00206913808111479,0.6,0.75,"(7, 7)",center data,13,3,50000,4,8e-05,0.0022236095916666663,0.0011745311810459043,2.666666667e-05,heterogeneous-defect-sig-scalar
0.001581990539238216,0.00263665089873036,0.6,0.75,"(7, 7)",center data,13,3,50000,16,0.00032,0.0028133790505952385,0.0014240841305920705,0.0001066666667,heterogeneous-defect-sig-scalar
0.002015890971770268,0.00335981828628378,0.6,0.75,"(7, 7)",center data,13,3,50000,70,0.0014,0.003557377834821428,0.0017010999338931932,0.0004666666667,heterogeneous-defect-sig-scalar
0.00256879943923164,0.0042813323987194,0.6,0.75,"(7, 7)",center data,13,3,50000,297,0.00594,0.004697633217261905,0.0023172076811429276,0.00198,heterogeneous-defect-sig-scalar
0.0032733568687011117,0.00545559478116852,0.6,0.75,"(7, 7)",center data,13,3,50000,1002,0.02004,0.005688334705357143,0.0029985464996191277,0.00668,heterogeneous-defect-sig-scalar
0.00417115677706536,0.0069519279617756,0.6,0.75,"(7, 7)",center data,13,3,50000,3230,0.0646,0.007466549982142858,0.003674780426308937,0.02153333333,heterogeneous-defect-sig-scalar
0.0053152007424604915,0.00885866790410082,0.6,0.75,"(7, 7)",center data,13,3,50000,5894,0.11788,0.009143615041666667,0.005027687309284452,0.03929333333,heterogeneous-defect-sig-scalar
0.0067730273501081404,0.0112883789168469,0.6,0.75,"(7, 7)",center data,13,3,50000,12611,0.25222,0.011978712142857144,0.006354570887538181,0.08407333333,heterogeneous-defect-sig-scalar
0.00863069932972596,0.0143844988828766,0.6,0.75,"(7, 7)",center data,13,3,50000,21239,0.42478,0.015773136577380952,0.007742785337323892,0.1415933333,heterogeneous-defect-sig-scalar
0.01099788426499464,0.0183298071083244,0.6,0.75,"(7, 7)",center data,13,3,50000,23904,0.47808,0.019077911750000003,0.009985032183648565,0.15936,heterogeneous-defect-sig-scalar
0.014014328814540719,0.0233572146909012,0.6,0.75,"(7, 7)",center data,13,3,50000,24808,0.49616,0.02499646068452381,0.013040113171611583,0.1653866667,heterogeneous-defect-sig-scalar
0.01785810864978792,0.0297635144163132,0.6,0.75,"(7, 7)",center data,13,3,50000,24796,0.49592,0.03171903223214286,0.016522205510915548,0.1653066667,heterogeneous-defect-sig-scalar
0.0227561411443935,0.0379269019073225,0.6,0.75,"(7, 7)",center data,13,3,50000,25107,0.50214,0.03992929318452381,0.020424368361199468,0.16738,heterogeneous-defect-sig-scalar
0.028997581431430497,0.0483293023857175,0.6,0.75,"(7, 7)",center data,13,3,50000,25135,0.5027,0.049081236904761905,0.025001145573381945,0.1675666667,heterogeneous-defect-sig-scalar
0.03695089266396156,0.0615848211066026,0.6,0.75,"(7, 7)",center data,13,3,50000,25031,0.50062,0.0662366843452381,0.03521266710454079,0.1668733333,heterogeneous-defect-sig-scalar
0.04708559822108766,0.0784759970351461,0.6,0.75,"(7, 7)",center data,13,3,50000,25039,0.50078,0.0816635,0.04185141742950234,0.1669266667,heterogeneous-defect-sig-scalar
0.06,0.1,0.6,0.75,"(7, 7)",center data,13,3,50000,25021,0.50042,0.10713548633928571,0.05396097168501242,0.1668066667,heterogeneous-defect-sig-scalar
0.000974266043513232,0.00162377673918872,0.6,0.0,"(8, 8)",center data,15,3,50000,0,0.0,0.001784395538752784,0.00088775820257566,0.0,heterogeneous-defect-sig-scalar
0.0032733568687011117,0.00545559478116852,0.6,0.0,"(8, 8)",center data,15,3,50000,527,0.01054,0.005774991839643653,0.0029796094699803843,0.003513333333,heterogeneous-defect-sig-scalar
0.0006,0.001,0.6,0.0,"(8, 8)",center data,15,3,50000,0,0.0,0.001087889913140312,0.0005577971694222453,0.0,heterogeneous-defect-sig-scalar
0.00417115677706536,0.0069519279617756,0.6,0.0,"(8, 8)",center data,15,3,50000,1643,0.03286,0.0072885753474387525,0.0038475643095055813,0.01095333333,heterogeneous-defect-sig-scalar
0.001241482848668874,0.00206913808111479,0.6,0.0,"(8, 8)",center data,15,3,50000,1,2e-05,0.002242540099777283,0.0011397598139640155,6.666666667e-06,heterogeneous-defect-sig-scalar
0.000764564991421878,0.00127427498570313,0.6,0.0,"(8, 8)",center data,15,3,50000,0,0.0,0.0012691536391982183,0.0006660786501332856,0.0,heterogeneous-defect-sig-scalar
0.0053152007424604915,0.00885866790410082,0.6,0.0,"(8, 8)",center data,15,3,50000,6762,0.13524,0.009744032008908686,0.004709942758168732,0.04508,heterogeneous-defect-sig-scalar
0.001581990539238216,0.00263665089873036,0.6,0.0,"(8, 8)",center data,15,3,50000,3,6e-05,0.0027080246347438754,0.0013973374958333182,2e-05,heterogeneous-defect-sig-scalar
0.00863069932972596,0.0143844988828766,0.6,0.0,"(8, 8)",center data,15,3,50000,20438,0.40876,0.01544257521158129,0.007982301332068611,0.1362533333,heterogeneous-defect-sig-scalar
0.00256879943923164,0.0042813323987194,0.6,0.0,"(8, 8)",center data,15,3,50000,104,0.00208,0.0046913177349665915,0.002279961304646155,0.0006933333333,heterogeneous-defect-sig-scalar
0.0067730273501081404,0.0112883789168469,0.6,0.0,"(8, 8)",center data,15,3,50000,14699,0.29398,0.012232286636971044,0.005967331223940908,0.09799333333,heterogeneous-defect-sig-scalar
0.002015890971770268,0.00335981828628378,0.6,0.0,"(8, 8)",center data,15,3,50000,15,0.0003,0.0034821853772828504,0.0018231132134033257,0.0001,heterogeneous-defect-sig-scalar
0.01099788426499464,0.0183298071083244,0.6,0.0,"(8, 8)",center data,15,3,50000,24291,0.48582,0.020078400979955453,0.010254091413687494,0.16194,heterogeneous-defect-sig-scalar
0.014014328814540719,0.0233572146909012,0.6,0.0,"(8, 8)",center data,15,3,50000,24826,0.49652,0.024411868886414254,0.01259516214910417,0.1655066667,heterogeneous-defect-sig-scalar
0.01785810864978792,0.0297635144163132,0.6,0.0,"(8, 8)",center data,15,3,50000,24865,0.4973,0.0313828513363029,0.01556953007705357,0.1657666667,heterogeneous-defect-sig-scalar
0.0227561411443935,0.0379269019073225,0.6,0.0,"(8, 8)",center data,15,3,50000,25237,0.50474,0.04061891227171492,0.021480289436354542,0.1682466667,heterogeneous-defect-sig-scalar
0.028997581431430497,0.0483293023857175,0.6,0.0,"(8, 8)",center data,15,3,50000,25022,0.50044,0.05113318054788419,0.025661056728537655,0.1668133333,heterogeneous-defect-sig-scalar
0.03695089266396156,0.0615848211066026,0.6,0.0,"(8, 8)",center data,15,3,50000,24902,0.49804,0.06637203875278397,0.032615751539217766,0.1660133333,heterogeneous-defect-sig-scalar
0.04708559822108766,0.0784759970351461,0.6,0.0,"(8, 8)",center data,15,3,50000,24910,0.4982,0.0884596714922049,0.042541294275180115,0.1660666667,heterogeneous-defect-sig-scalar
0.06,0.1,0.6,0.0,"(8, 8)",center data,15,3,50000,25186,0.50372,0.1079554841870824,0.057215791569305605,0.1679066667,heterogeneous-defect-sig-scalar
0.0006,0.001,0.6,0.05,"(8, 8)",center data,15,3,50000,0,0.0,0.0010412407814732144,0.0005229158109443626,0.0,heterogeneous-defect-sig-scalar
0.000764564991421878,0.00127427498570313,0.6,0.05,"(8, 8)",center data,15,3,50000,0,0.0,0.0013637184252232144,0.0006681540470035379,0.0,heterogeneous-defect-sig-scalar
0.000974266043513232,0.00162377673918872,0.6,0.05,"(8, 8)",center data,15,3,50000,0,0.0,0.0017506605022321428,0.0008466119231799431,0.0,heterogeneous-defect-sig-scalar
0.001241482848668874,0.00206913808111479,0.6,0.05,"(8, 8)",center data,15,3,50000,0,0.0,0.0021369562767857143,0.0011056014813792129,0.0,heterogeneous-defect-sig-scalar
0.001581990539238216,0.00263665089873036,0.6,0.05,"(8, 8)",center data,15,3,50000,1,2e-05,0.0027391804714285714,0.0013777649692470798,6.666666667e-06,heterogeneous-defect-sig-scalar
0.002015890971770268,0.00335981828628378,0.6,0.05,"(8, 8)",center data,15,3,50000,25,0.0005,0.003556407201339286,0.00187846628508915,0.0001666666667,heterogeneous-defect-sig-scalar
0.00256879943923164,0.0042813323987194,0.6,0.05,"(8, 8)",center data,15,3,50000,107,0.00214,0.004497510339285714,0.002238145754683498,0.0007133333333,heterogeneous-defect-sig-scalar
0.0032733568687011117,0.00545559478116852,0.6,0.05,"(8, 8)",center data,15,3,50000,750,0.015,0.006072723140625,0.0029996494047161942,0.005,heterogeneous-defect-sig-scalar
0.00417115677706536,0.0069519279617756,0.6,0.05,"(8, 8)",center data,15,3,50000,1695,0.0339,0.007350740089285714,0.0036552803777131345,0.0113,heterogeneous-defect-sig-scalar
0.0053152007424604915,0.00885866790410082,0.6,0.05,"(8, 8)",center data,15,3,50000,6878,0.13756,0.009715458669642857,0.0045599405339480535,0.04585333333,heterogeneous-defect-sig-scalar
0.0067730273501081404,0.0112883789168469,0.6,0.05,"(8, 8)",center data,15,3,50000,13201,0.26402,0.012007286584821428,0.00587676650025435,0.08800666667,heterogeneous-defect-sig-scalar
0.00863069932972596,0.0143844988828766,0.6,0.05,"(8, 8)",center data,15,3,50000,19575,0.3915,0.01495425416517857,0.0074370981339371275,0.1305,heterogeneous-defect-sig-scalar
0.01099788426499464,0.0183298071083244,0.6,0.05,"(8, 8)",center data,15,3,50000,23890,0.4778,0.019446045401785714,0.0102892344871707,0.1592666667,heterogeneous-defect-sig-scalar
0.014014328814540719,0.0233572146909012,0.6,0.05,"(8, 8)",center data,15,3,50000,25119,0.50238,0.024777551919642853,0.01257199893197568,0.16746,heterogeneous-defect-sig-scalar
0.01785810864978792,0.0297635144163132,0.6,0.05,"(8, 8)",center data,15,3,50000,24993,0.49986,0.031210218589285715,0.015792446920856136,0.16662,heterogeneous-defect-sig-scalar
0.0227561411443935,0.0379269019073225,0.6,0.05,"(8, 8)",center data,15,3,50000,25059,0.50118,0.039302433102678565,0.0205297534106903,0.16706,heterogeneous-defect-sig-scalar
0.028997581431430497,0.0483293023857175,0.6,0.05,"(8, 8)",center data,15,3,50000,25051,0.50102,0.050819137373214286,0.0260293232743008,0.1670066667,heterogeneous-defect-sig-scalar
0.03695089266396156,0.0615848211066026,0.6,0.05,"(8, 8)",center data,15,3,50000,24932,0.49864,0.06454654082589285,0.0329637359951742,0.1662133333,heterogeneous-defect-sig-scalar
0.04708559822108766,0.0784759970351461,0.6,0.05,"(8, 8)",center data,15,3,50000,24996,0.49992,0.089336381875,0.043535419720090805,0.16664,heterogeneous-defect-sig-scalar
0.06,0.1,0.6,0.05,"(8, 8)",center data,15,3,50000,24897,0.49794,0.10497691466741073,0.05495931955190324,0.16598,heterogeneous-defect-sig-scalar
0.0006,0.001,0.6,0.25,"(8, 8)",center data,15,3,50000,0,0.0,0.0010520931359375,0.0005368039453120464,0.0,heterogeneous-defect-sig-scalar
0.000764564991421878,0.00127427498570313,0.6,0.25,"(8, 8)",center data,15,3,50000,0,0.0,0.0013395779421875001,0.0006732672023239258,0.0,heterogeneous-defect-sig-scalar
0.000974266043513232,0.00162377673918872,0.6,0.25,"(8, 8)",center data,15,3,50000,0,0.0,0.0016833400870535716,0.0008896821373834564,0.0,heterogeneous-defect-sig-scalar
0.001241482848668874,0.00206913808111479,0.6,0.25,"(8, 8)",center data,15,3,50000,0,0.0,0.0021826177901785714,0.0011636496060447698,0.0,heterogeneous-defect-sig-scalar
0.001581990539238216,0.00263665089873036,0.6,0.25,"(8, 8)",center data,15,3,50000,6,0.00012,0.0027703625647321427,0.0013894670882453285,4e-05,heterogeneous-defect-sig-scalar
0.002015890971770268,0.00335981828628378,0.6,0.25,"(8, 8)",center data,15,3,50000,42,0.00084,0.003634367245535714,0.0018431995664733504,0.00028,heterogeneous-defect-sig-scalar
0.00256879943923164,0.0042813323987194,0.6,0.25,"(8, 8)",center data,15,3,50000,150,0.003,0.004403190323660715,0.0023575298572095188,0.001,heterogeneous-defect-sig-scalar
0.0032733568687011117,0.00545559478116852,0.6,0.25,"(8, 8)",center data,15,3,50000,788,0.01576,0.0058457057540178565,0.0029427855191292624,0.005253333333,heterogeneous-defect-sig-scalar
0.00417115677706536,0.0069519279617756,0.6,0.25,"(8, 8)",center data,15,3,50000,2112,0.04224,0.007312539816964286,0.003873283975948297,0.01408,heterogeneous-defect-sig-scalar
0.0053152007424604915,0.00885866790410082,0.6,0.25,"(8, 8)",center data,15,3,50000,5640,0.1128,0.009046447136160716,0.0049118271740736545,0.0376,heterogeneous-defect-sig-scalar
0.0067730273501081404,0.0112883789168469,0.6,0.25,"(8, 8)",center data,15,3,50000,10996,0.21992,0.011299924575892859,0.005813977390977926,0.07330666667,heterogeneous-defect-sig-scalar
0.00863069932972596,0.0143844988828766,0.6,0.25,"(8, 8)",center data,15,3,50000,20395,0.4079,0.015165572901785714,0.007605416309091365,0.1359666667,heterogeneous-defect-sig-scalar
0.01099788426499464,0.0183298071083244,0.6,0.25,"(8, 8)",center data,15,3,50000,24129,0.48258,0.019413659866071426,0.009827454519187514,0.16086,heterogeneous-defect-sig-scalar
0.014014328814540719,0.0233572146909012,0.6,0.25,"(8, 8)",center data,15,3,50000,25028,0.50056,0.024748520446428567,0.01212540623293439,0.1668533333,heterogeneous-defect-sig-scalar
0.01785810864978792,0.0297635144163132,0.6,0.25,"(8, 8)",center data,15,3,50000,24883,0.49766,0.031955744,0.017495374419198722,0.1658866667,heterogeneous-defect-sig-scalar
0.0227561411443935,0.0379269019073225,0.6,0.25,"(8, 8)",center data,15,3,50000,24844,0.49688,0.040629301941964284,0.0212048463545716,0.1656266667,heterogeneous-defect-sig-scalar
0.028997581431430497,0.0483293023857175,0.6,0.25,"(8, 8)",center data,15,3,50000,25073,0.50146,0.05020418919642857,0.02743748581238631,0.1671533333,heterogeneous-defect-sig-scalar
0.03695089266396156,0.0615848211066026,0.6,0.25,"(8, 8)",center data,15,3,50000,25148,0.50296,0.06782020125,0.034254568383974476,0.1676533333,heterogeneous-defect-sig-scalar
0.04708559822108766,0.0784759970351461,0.6,0.25,"(8, 8)",center data,15,3,50000,25151,0.50302,0.08297953160714286,0.04541644893330706,0.1676733333,heterogeneous-defect-sig-scalar
0.06,0.1,0.6,0.25,"(8, 8)",center data,15,3,50000,25065,0.5013,0.10946545627232143,0.05431931097404356,0.1671,heterogeneous-defect-sig-scalar
0.0006,0.001,0.6,0.5,"(8, 8)",center data,15,3,50000,0,0.0,0.0010451105629464285,0.0005387105104117106,0.0,heterogeneous-defect-sig-scalar
0.000764564991421878,0.00127427498570313,0.6,0.5,"(8, 8)",center data,15,3,50000,0,0.0,0.0013515935542410713,0.0007193001388723707,0.0,heterogeneous-defect-sig-scalar
0.000974266043513232,0.00162377673918872,0.6,0.5,"(8, 8)",center data,15,3,50000,0,0.0,0.0017533603348214286,0.000903191297173839,0.0,heterogeneous-defect-sig-scalar
0.001241482848668874,0.00206913808111479,0.6,0.5,"(8, 8)",center data,15,3,50000,1,2e-05,0.0021867321486607146,0.0010898331716140998,6.666666667e-06,heterogeneous-defect-sig-scalar
0.001581990539238216,0.00263665089873036,0.6,0.5,"(8, 8)",center data,15,3,50000,7,0.00014,0.0028377023535714288,0.0014415439778171,4.666666667e-05,heterogeneous-defect-sig-scalar
0.002015890971770268,0.00335981828628378,0.6,0.5,"(8, 8)",center data,15,3,50000,49,0.00098,0.003668638459821429,0.0018152445851040671,0.0003266666667,heterogeneous-defect-sig-scalar
0.00256879943923164,0.0042813323987194,0.6,0.5,"(8, 8)",center data,15,3,50000,187,0.00374,0.0045673243906250004,0.00229472130222108,0.001246666667,heterogeneous-defect-sig-scalar
0.0032733568687011117,0.00545559478116852,0.6,0.5,"(8, 8)",center data,15,3,50000,692,0.01384,0.005744961395089286,0.0031057395748207393,0.004613333333,heterogeneous-defect-sig-scalar
0.00417115677706536,0.0069519279617756,0.6,0.5,"(8, 8)",center data,15,3,50000,1794,0.03588,0.007020909214285714,0.003748800341267329,0.01196,heterogeneous-defect-sig-scalar
0.0053152007424604915,0.00885866790410082,0.6,0.5,"(8, 8)",center data,15,3,50000,6980,0.1396,0.009269544035714287,0.004623127744807565,0.04653333333,heterogeneous-defect-sig-scalar
0.0067730273501081404,0.0112883789168469,0.6,0.5,"(8, 8)",center data,15,3,50000,14343,0.28686,0.012444571651785714,0.005869719764269897,0.09562,heterogeneous-defect-sig-scalar
0.00863069932972596,0.0143844988828766,0.6,0.5,"(8, 8)",center data,15,3,50000,20903,0.41806,0.015555198660714285,0.00788421852339125,0.1393533333,heterogeneous-defect-sig-scalar
0.01099788426499464,0.0183298071083244,0.6,0.5,"(8, 8)",center data,15,3,50000,23987,0.47974,0.019116783526785718,0.009588511152837535,0.1599133333,heterogeneous-defect-sig-scalar
0.014014328814540719,0.0233572146909012,0.6,0.5,"(8, 8)",center data,15,3,50000,25080,0.5016,0.023737029821428574,0.012307647557142934,0.1672,heterogeneous-defect-sig-scalar
0.01785810864978792,0.0297635144163132,0.6,0.5,"(8, 8)",center data,15,3,50000,24988,0.49976,0.03148808796875,0.016716337831049186,0.1665866667,heterogeneous-defect-sig-scalar
0.0227561411443935,0.0379269019073225,0.6,0.5,"(8, 8)",center data,15,3,50000,25036,0.50072,0.04181529276785715,0.02156839505070451,0.1669066667,heterogeneous-defect-sig-scalar
0.028997581431430497,0.0483293023857175,0.6,0.5,"(8, 8)",center data,15,3,50000,24963,0.49926,0.05060829910714285,0.023972529114360944,0.16642,heterogeneous-defect-sig-scalar
0.03695089266396156,0.0615848211066026,0.6,0.5,"(8, 8)",center data,15,3,50000,25008,0.50016,0.06654899866071429,0.03496753933640632,0.16672,heterogeneous-defect-sig-scalar
0.04708559822108766,0.0784759970351461,0.6,0.5,"(8, 8)",center data,15,3,50000,24993,0.49986,0.08349580600892859,0.04012031565511415,0.16662,heterogeneous-defect-sig-scalar
0.06,0.1,0.6,0.5,"(8, 8)",center data,15,3,50000,25017,0.50034,0.10558072727232141,0.05346072895131997,0.16678,heterogeneous-defect-sig-scalar
0.0006,0.001,0.6,0.75,"(8, 8)",center data,15,3,50000,0,0.0,0.0010736708493303572,0.0005347898689543995,0.0,heterogeneous-defect-sig-scalar
0.000764564991421878,0.00127427498570313,0.6,0.75,"(8, 8)",center data,15,3,50000,0,0.0,0.0013397536629464288,0.0006764548539441545,0.0,heterogeneous-defect-sig-scalar
0.000974266043513232,0.00162377673918872,0.6,0.75,"(8, 8)",center data,15,3,50000,0,0.0,0.001771373529017857,0.0008934386656105443,0.0,heterogeneous-defect-sig-scalar
0.001241482848668874,0.00206913808111479,0.6,0.75,"(8, 8)",center data,15,3,50000,1,2e-05,0.0021863858303571427,0.0011113934582975779,6.666666667e-06,heterogeneous-defect-sig-scalar
0.001581990539238216,0.00263665089873036,0.6,0.75,"(8, 8)",center data,15,3,50000,7,0.00014,0.0028757874200892853,0.0015097064487958741,4.666666667e-05,heterogeneous-defect-sig-scalar
0.002015890971770268,0.00335981828628378,0.6,0.75,"(8, 8)",center data,15,3,50000,38,0.00076,0.0035049298616071428,0.0018186060279568692,0.0002533333333,heterogeneous-defect-sig-scalar
0.00256879943923164,0.0042813323987194,0.6,0.75,"(8, 8)",center data,15,3,50000,198,0.00396,0.004786770357142858,0.002406735904814833,0.00132,heterogeneous-defect-sig-scalar
0.0032733568687011117,0.00545559478116852,0.6,0.75,"(8, 8)",center data,15,3,50000,784,0.01568,0.0059050572343749995,0.002764240450196421,0.005226666667,heterogeneous-defect-sig-scalar
0.00417115677706536,0.0069519279617756,0.6,0.75,"(8, 8)",center data,15,3,50000,2361,0.04722,0.007353341049107142,0.0036059386465821675,0.01574,heterogeneous-defect-sig-scalar
0.0053152007424604915,0.00885866790410082,0.6,0.75,"(8, 8)",center data,15,3,50000,7264,0.14528,0.009697122388392857,0.005003537600860726,0.04842666667,heterogeneous-defect-sig-scalar
0.0067730273501081404,0.0112883789168469,0.6,0.75,"(8, 8)",center data,15,3,50000,14487,0.28974,0.012361666142857145,0.006238068185373348,0.09658,heterogeneous-defect-sig-scalar
0.00863069932972596,0.0143844988828766,0.6,0.75,"(8, 8)",center data,15,3,50000,20435,0.4087,0.014597181415178573,0.007684987646013681,0.1362333333,heterogeneous-defect-sig-scalar
0.01099788426499464,0.0183298071083244,0.6,0.75,"(8, 8)",center data,15,3,50000,24602,0.49204,0.020134444330357142,0.009516877257904136,0.1640133333,heterogeneous-defect-sig-scalar
0.014014328814540719,0.0233572146909012,0.6,0.75,"(8, 8)",center data,15,3,50000,24959,0.49918,0.02439379286607143,0.01195017310095386,0.1663933333,heterogeneous-defect-sig-scalar
0.01785810864978792,0.0297635144163132,0.6,0.75,"(8, 8)",center data,15,3,50000,25050,0.501,0.03153461890625,0.016081225920291,0.167,heterogeneous-defect-sig-scalar
0.0227561411443935,0.0379269019073225,0.6,0.75,"(8, 8)",center data,15,3,50000,25080,0.5016,0.04090833348214286,0.020008470588144582,0.1672,heterogeneous-defect-sig-scalar
0.028997581431430497,0.0483293023857175,0.6,0.75,"(8, 8)",center data,15,3,50000,24924,0.49848,0.050576626495535716,0.025073014614429706,0.16616,heterogeneous-defect-sig-scalar
0.03695089266396156,0.0615848211066026,0.6,0.75,"(8, 8)",center data,15,3,50000,25085,0.5017,0.06420925089285714,0.03271398128705555,0.1672333333,heterogeneous-defect-sig-scalar
0.04708559822108766,0.0784759970351461,0.6,0.75,"(8, 8)",center data,15,3,50000,24948,0.49896,0.08247259116071429,0.04409990177694233,0.16632,heterogeneous-defect-sig-scalar
0.06,0.1,0.6,0.75,"(8, 8)",center data,15,3,50000,25008,0.50016,0.10625759883928569,0.05262049994101018,0.16672,heterogeneous-defect-sig-scalar
0.001581990539238216,0.00263665089873036,0.6,0.0,"(9, 9)",center data,17,3,50000,1,2e-05,0.0028274596866551126,0.0015316219051364774,6.666666667e-06,heterogeneous-defect-sig-scalar
0.002015890971770268,0.00335981828628378,0.6,0.0,"(9, 9)",center data,17,3,50000,7,0.00014,0.003554558683708839,0.0018927665095372474,4.666666667e-05,heterogeneous-defect-sig-scalar
0.001241482848668874,0.00206913808111479,0.6,0.0,"(9, 9)",center data,17,3,50000,1,2e-05,0.0021760557781629114,0.0010899110938625155,6.666666667e-06,heterogeneous-defect-sig-scalar
0.00256879943923164,0.0042813323987194,0.6,0.0,"(9, 9)",center data,17,3,50000,65,0.0013,0.00468242701559792,0.0024147089303027964,0.0004333333333,heterogeneous-defect-sig-scalar
0.000974266043513232,0.00162377673918872,0.6,0.0,"(9, 9)",center data,17,3,50000,0,0.0,0.0017368837521663776,0.0008469767758626905,0.0,heterogeneous-defect-sig-scalar
0.0032733568687011117,0.00545559478116852,0.6,0.0,"(9, 9)",center data,17,3,50000,315,0.0063,0.005767426889081456,0.0031004076795054076,0.0021,heterogeneous-defect-sig-scalar
0.0006,0.001,0.6,0.0,"(9, 9)",center data,17,3,50000,0,0.0,0.0010628886670710574,0.0005713275800669099,0.0,heterogeneous-defect-sig-scalar
0.00417115677706536,0.0069519279617756,0.6,0.0,"(9, 9)",center data,17,3,50000,1906,0.03812,0.007511670086655111,0.003830430341913803,0.01270666667,heterogeneous-defect-sig-scalar
0.000764564991421878,0.00127427498570313,0.6,0.0,"(9, 9)",center data,17,3,50000,0,0.0,0.001376735287694974,0.0007143036783416425,0.0,heterogeneous-defect-sig-scalar
0.0053152007424604915,0.00885866790410082,0.6,0.0,"(9, 9)",center data,17,3,50000,5905,0.1181,0.009489087261698443,0.004635431743113087,0.03936666667,heterogeneous-defect-sig-scalar
0.0067730273501081404,0.0112883789168469,0.6,0.0,"(9, 9)",center data,17,3,50000,13225,0.2645,0.011852357942114386,0.006062688966747043,0.08816666667,heterogeneous-defect-sig-scalar
0.00863069932972596,0.0143844988828766,0.6,0.0,"(9, 9)",center data,17,3,50000,20537,0.41074,0.015462106880415945,0.007801275501663055,0.1369133333,heterogeneous-defect-sig-scalar
0.01099788426499464,0.0183298071083244,0.6,0.0,"(9, 9)",center data,17,3,50000,24320,0.4864,0.0194303817677643,0.010217855109174827,0.1621333333,heterogeneous-defect-sig-scalar
0.014014328814540719,0.0233572146909012,0.6,0.0,"(9, 9)",center data,17,3,50000,24849,0.49698,0.024398956135181976,0.01214882675877856,0.16566,heterogeneous-defect-sig-scalar
0.01785810864978792,0.0297635144163132,0.6,0.0,"(9, 9)",center data,17,3,50000,24978,0.49956,0.031240483483535527,0.0164856342182297,0.16652,heterogeneous-defect-sig-scalar
0.0227561411443935,0.0379269019073225,0.6,0.0,"(9, 9)",center data,17,3,50000,24765,0.4953,0.04087450565164645,0.020906218810038294,0.1651,heterogeneous-defect-sig-scalar
0.028997581431430497,0.0483293023857175,0.6,0.0,"(9, 9)",center data,17,3,50000,24951,0.49902,0.05166932885615252,0.02541078848516501,0.16634,heterogeneous-defect-sig-scalar
0.03695089266396156,0.0615848211066026,0.6,0.0,"(9, 9)",center data,17,3,50000,24852,0.49704,0.06643389325823224,0.033421511555926084,0.16568,heterogeneous-defect-sig-scalar
0.04708559822108766,0.0784759970351461,0.6,0.0,"(9, 9)",center data,17,3,50000,24880,0.4976,0.08196628785095321,0.043971069676581105,0.1658666667,heterogeneous-defect-sig-scalar
0.06,0.1,0.6,0.0,"(9, 9)",center data,17,3,50000,25166,0.50332,0.10247345805892548,0.05079301811017805,0.1677733333,heterogeneous-defect-sig-scalar
0.0006,0.001,0.6,0.05,"(9, 9)",center data,17,3,50000,0,0.0,0.0010521755880208332,0.000561660632250003,0.0,heterogeneous-defect-sig-scalar
0.000764564991421878,0.00127427498570313,0.6,0.05,"(9, 9)",center data,17,3,50000,0,0.0,0.0014032131944444444,0.0006695995701543181,0.0,heterogeneous-defect-sig-scalar
0.000974266043513232,0.00162377673918872,0.6,0.05,"(9, 9)",center data,17,3,50000,0,0.0,0.0017661365562499998,0.0008584010672930717,0.0,heterogeneous-defect-sig-scalar
0.001241482848668874,0.00206913808111479,0.6,0.05,"(9, 9)",center data,17,3,50000,1,2e-05,0.0022210335711805554,0.0011151442056170913,6.666666667e-06,heterogeneous-defect-sig-scalar
0.001581990539238216,0.00263665089873036,0.6,0.05,"(9, 9)",center data,17,3,50000,0,0.0,0.0029024132517361115,0.00148257410079214,0.0,heterogeneous-defect-sig-scalar
0.002015890971770268,0.00335981828628378,0.6,0.05,"(9, 9)",center data,17,3,50000,7,0.00014,0.0035743207880208332,0.001861426875164904,4.666666667e-05,heterogeneous-defect-sig-scalar
0.00256879943923164,0.0042813323987194,0.6,0.05,"(9, 9)",center data,17,3,50000,95,0.0019,0.004694008629340278,0.002301198241322199,0.0006333333333,heterogeneous-defect-sig-scalar
0.0032733568687011117,0.00545559478116852,0.6,0.05,"(9, 9)",center data,17,3,50000,292,0.00584,0.005693408013715278,0.0030693171534012806,0.001946666667,heterogeneous-defect-sig-scalar
0.00417115677706536,0.0069519279617756,0.6,0.05,"(9, 9)",center data,17,3,50000,2356,0.04712,0.007726124513888889,0.0038881578405806157,0.01570666667,heterogeneous-defect-sig-scalar
0.0053152007424604915,0.00885866790410082,0.6,0.05,"(9, 9)",center data,17,3,50000,6114,0.12228,0.009566398970486112,0.004901460237868396,0.04076,heterogeneous-defect-sig-scalar
0.0067730273501081404,0.0112883789168469,0.6,0.05,"(9, 9)",center data,17,3,50000,12392,0.24784,0.011519751164930557,0.006123210014537291,0.08261333333,heterogeneous-defect-sig-scalar
0.00863069932972596,0.0143844988828766,0.6,0.05,"(9, 9)",center data,17,3,50000,20937,0.41874,0.015071690975694444,0.007725838669791816,0.13958,heterogeneous-defect-sig-scalar
0.01099788426499464,0.0183298071083244,0.6,0.05,"(9, 9)",center data,17,3,50000,24467,0.48934,0.019841958246527777,0.010038547462624675,0.1631133333,heterogeneous-defect-sig-scalar
0.014014328814540719,0.0233572146909012,0.6,0.05,"(9, 9)",center data,17,3,50000,24765,0.4953,0.025555019635416665,0.012709831146390717,0.1651,heterogeneous-defect-sig-scalar
0.01785810864978792,0.0297635144163132,0.6,0.05,"(9, 9)",center data,17,3,50000,24989,0.49978,0.03128163341840278,0.015080222458948004,0.1665933333,heterogeneous-defect-sig-scalar
0.0227561411443935,0.0379269019073225,0.6,0.05,"(9, 9)",center data,17,3,50000,25100,0.502,0.0397170325,0.021540935865578793,0.1673333333,heterogeneous-defect-sig-scalar
0.028997581431430497,0.0483293023857175,0.6,0.05,"(9, 9)",center data,17,3,50000,24913,0.49826,0.05214216965277778,0.02631460233408793,0.1660866667,heterogeneous-defect-sig-scalar
0.03695089266396156,0.0615848211066026,0.6,0.05,"(9, 9)",center data,17,3,50000,24896,0.49792,0.06519939774305555,0.03355963892276815,0.1659733333,heterogeneous-defect-sig-scalar
0.04708559822108766,0.0784759970351461,0.6,0.05,"(9, 9)",center data,17,3,50000,24825,0.4965,0.08071216671874999,0.04090787397938632,0.1655,heterogeneous-defect-sig-scalar
0.06,0.1,0.6,0.05,"(9, 9)",center data,17,3,50000,25073,0.50146,0.10454965329861111,0.05207158635429167,0.1671533333,heterogeneous-defect-sig-scalar
0.0006,0.001,0.6,0.25,"(9, 9)",center data,17,3,50000,0,0.0,0.0010788674826388888,0.0005620168162758509,0.0,heterogeneous-defect-sig-scalar
0.000764564991421878,0.00127427498570313,0.6,0.25,"(9, 9)",center data,17,3,50000,0,0.0,0.0012959606614583333,0.0006856442248840469,0.0,heterogeneous-defect-sig-scalar
0.000974266043513232,0.00162377673918872,0.6,0.25,"(9, 9)",center data,17,3,50000,0,0.0,0.0017503710859374999,0.0008392219471141807,0.0,heterogeneous-defect-sig-scalar
0.001241482848668874,0.00206913808111479,0.6,0.25,"(9, 9)",center data,17,3,50000,0,0.0,0.0021770611510416667,0.0010870435186555703,0.0,heterogeneous-defect-sig-scalar
0.001581990539238216,0.00263665089873036,0.6,0.25,"(9, 9)",center data,17,3,50000,2,4e-05,0.0027129751996527777,0.0013835608359346223,1.333333333e-05,heterogeneous-defect-sig-scalar
0.002015890971770268,0.00335981828628378,0.6,0.25,"(9, 9)",center data,17,3,50000,13,0.00026,0.003567528126736111,0.0018048141167152849,8.666666667e-05,heterogeneous-defect-sig-scalar
0.00256879943923164,0.0042813323987194,0.6,0.25,"(9, 9)",center data,17,3,50000,79,0.00158,0.004556126564236112,0.0023553560220166904,0.0005266666667,heterogeneous-defect-sig-scalar
0.0032733568687011117,0.00545559478116852,0.6,0.25,"(9, 9)",center data,17,3,50000,554,0.01108,0.005891686171875,0.0030065797851206114,0.003693333333,heterogeneous-defect-sig-scalar
0.00417115677706536,0.0069519279617756,0.6,0.25,"(9, 9)",center data,17,3,50000,1659,0.03318,0.007251008857638889,0.003699406080216716,0.01106,heterogeneous-defect-sig-scalar
0.0053152007424604915,0.00885866790410082,0.6,0.25,"(9, 9)",center data,17,3,50000,6611,0.13222,0.009402097673611113,0.004684591776544483,0.04407333333,heterogeneous-defect-sig-scalar
0.0067730273501081404,0.0112883789168469,0.6,0.25,"(9, 9)",center data,17,3,50000,14574,0.29148,0.012196807118055555,0.006042409773691664,0.09716,heterogeneous-defect-sig-scalar
0.00863069932972596,0.0143844988828766,0.6,0.25,"(9, 9)",center data,17,3,50000,20926,0.41852,0.014988746527777779,0.007930966484003021,0.1395066667,heterogeneous-defect-sig-scalar
0.01099788426499464,0.0183298071083244,0.6,0.25,"(9, 9)",center data,17,3,50000,24164,0.48328,0.01898947406423611,0.010647098741742942,0.1610933333,heterogeneous-defect-sig-scalar
0.014014328814540719,0.0233572146909012,0.6,0.25,"(9, 9)",center data,17,3,50000,25068,0.50136,0.02414372103125,0.011825616860291469,0.16712,heterogeneous-defect-sig-scalar
0.01785810864978792,0.0297635144163132,0.6,0.25,"(9, 9)",center data,17,3,50000,25037,0.50074,0.030575805838541668,0.016430902397003313,0.1669133333,heterogeneous-defect-sig-scalar
0.0227561411443935,0.0379269019073225,0.6,0.25,"(9, 9)",center data,17,3,50000,25042,0.50084,0.03999780642361111,0.0196274660905067,0.1669466667,heterogeneous-defect-sig-scalar
0.028997581431430497,0.0483293023857175,0.6,0.25,"(9, 9)",center data,17,3,50000,25164,0.50328,0.05223299583333333,0.025631320771756384,0.16776,heterogeneous-defect-sig-scalar
0.03695089266396156,0.0615848211066026,0.6,0.25,"(9, 9)",center data,17,3,50000,24925,0.4985,0.06561771736111112,0.031709688744410706,0.1661666667,heterogeneous-defect-sig-scalar
0.04708559822108766,0.0784759970351461,0.6,0.25,"(9, 9)",center data,17,3,50000,25052,0.50104,0.08652571151041667,0.04229816183982698,0.1670133333,heterogeneous-defect-sig-scalar
0.06,0.1,0.6,0.25,"(9, 9)",center data,17,3,50000,24912,0.49824,0.10606439328125,0.053702975656662565,0.16608,heterogeneous-defect-sig-scalar
0.0006,0.001,0.6,0.5,"(9, 9)",center data,17,3,50000,0,0.0,0.001052901147048611,0.0005445635673526972,0.0,heterogeneous-defect-sig-scalar
0.000764564991421878,0.00127427498570313,0.6,0.5,"(9, 9)",center data,17,3,50000,0,0.0,0.0012890376458333335,0.0006803380187420622,0.0,heterogeneous-defect-sig-scalar
0.000974266043513232,0.00162377673918872,0.6,0.5,"(9, 9)",center data,17,3,50000,0,0.0,0.0016726053385416667,0.000871675073400754,0.0,heterogeneous-defect-sig-scalar
0.001241482848668874,0.00206913808111479,0.6,0.5,"(9, 9)",center data,17,3,50000,0,0.0,0.002189683565972222,0.001116718136257221,0.0,heterogeneous-defect-sig-scalar
0.001581990539238216,0.00263665089873036,0.6,0.5,"(9, 9)",center data,17,3,50000,2,4e-05,0.002849059720486111,0.0014213737281084241,1.333333333e-05,heterogeneous-defect-sig-scalar
0.002015890971770268,0.00335981828628378,0.6,0.5,"(9, 9)",center data,17,3,50000,16,0.00032,0.003545417697916667,0.0017601541749448012,0.0001066666667,heterogeneous-defect-sig-scalar
0.00256879943923164,0.0042813323987194,0.6,0.5,"(9, 9)",center data,17,3,50000,97,0.00194,0.004666221225868055,0.002393806404911514,0.0006466666667,heterogeneous-defect-sig-scalar
0.0032733568687011117,0.00545559478116852,0.6,0.5,"(9, 9)",center data,17,3,50000,440,0.0088,0.00581324603125,0.0028780887221064168,0.002933333333,heterogeneous-defect-sig-scalar
0.00417115677706536,0.0069519279617756,0.6,0.5,"(9, 9)",center data,17,3,50000,1955,0.0391,0.0074617526041666675,0.0036619842668619714,0.01303333333,heterogeneous-defect-sig-scalar
0.0053152007424604915,0.00885866790410082,0.6,0.5,"(9, 9)",center data,17,3,50000,5124,0.10248,0.00911028924826389,0.004766309505557828,0.03416,heterogeneous-defect-sig-scalar
0.0067730273501081404,0.0112883789168469,0.6,0.5,"(9, 9)",center data,17,3,50000,13848,0.27696,0.012092933055555555,0.00633836636007915,0.09232,heterogeneous-defect-sig-scalar
0.00863069932972596,0.0143844988828766,0.6,0.5,"(9, 9)",center data,17,3,50000,20404,0.40808,0.015241596897569444,0.007864536074742324,0.1360266667,heterogeneous-defect-sig-scalar
0.01099788426499464,0.0183298071083244,0.6,0.5,"(9, 9)",center data,17,3,50000,24159,0.48318,0.019033611875000002,0.009757829897723178,0.16106,heterogeneous-defect-sig-scalar
0.014014328814540719,0.0233572146909012,0.6,0.5,"(9, 9)",center data,17,3,50000,24915,0.4983,0.02432596145486111,0.012897398924866332,0.1661,heterogeneous-defect-sig-scalar
0.01785810864978792,0.0297635144163132,0.6,0.5,"(9, 9)",center data,17,3,50000,24959,0.49918,0.030825999062500005,0.01622514014144464,0.1663933333,heterogeneous-defect-sig-scalar
0.0227561411443935,0.0379269019073225,0.6,0.5,"(9, 9)",center data,17,3,50000,24962,0.49924,0.04049237300347222,0.020980754889581132,0.1664133333,heterogeneous-defect-sig-scalar
0.028997581431430497,0.0483293023857175,0.6,0.5,"(9, 9)",center data,17,3,50000,25139,0.50278,0.05115468609722222,0.027348754135534486,0.1675933333,heterogeneous-defect-sig-scalar
0.03695089266396156,0.0615848211066026,0.6,0.5,"(9, 9)",center data,17,3,50000,25032,0.50064,0.06663104222222221,0.03309735749937042,0.16688,heterogeneous-defect-sig-scalar
0.04708559822108766,0.0784759970351461,0.6,0.5,"(9, 9)",center data,17,3,50000,24894,0.49788,0.08249830909722222,0.040824057758276106,0.16596,heterogeneous-defect-sig-scalar
0.06,0.1,0.6,0.5,"(9, 9)",center data,17,3,50000,25132,0.50264,0.10450883505208333,0.05604152232359394,0.1675466667,heterogeneous-defect-sig-scalar
0.0006,0.001,0.6,0.75,"(9, 9)",center data,17,3,50000,0,0.0,0.001063483695486111,0.0005433286566176138,0.0,heterogeneous-defect-sig-scalar
0.000764564991421878,0.00127427498570313,0.6,0.75,"(9, 9)",center data,17,3,50000,0,0.0,0.001317725581597222,0.0006792297122667325,0.0,heterogeneous-defect-sig-scalar
0.000974266043513232,0.00162377673918872,0.6,0.75,"(9, 9)",center data,17,3,50000,0,0.0,0.0016884342460069444,0.0008503794337336681,0.0,heterogeneous-defect-sig-scalar
0.001241482848668874,0.00206913808111479,0.6,0.75,"(9, 9)",center data,17,3,50000,0,0.0,0.0021777760677083335,0.0011327164294929885,0.0,heterogeneous-defect-sig-scalar
0.001581990539238216,0.00263665089873036,0.6,0.75,"(9, 9)",center data,17,3,50000,2,4e-05,0.0028097644081597224,0.001372008214870312,1.333333333e-05,heterogeneous-defect-sig-scalar
0.002015890971770268,0.00335981828628378,0.6,0.75,"(9, 9)",center data,17,3,50000,13,0.00026,0.0036333764045138883,0.0018060000900233222,8.666666667e-05,heterogeneous-defect-sig-scalar
0.00256879943923164,0.0042813323987194,0.6,0.75,"(9, 9)",center data,17,3,50000,96,0.00192,0.004462183647569445,0.0023014518342392657,0.00064,heterogeneous-defect-sig-scalar
0.0032733568687011117,0.00545559478116852,0.6,0.75,"(9, 9)",center data,17,3,50000,437,0.00874,0.005782688671875,0.00291791332823843,0.002913333333,heterogeneous-defect-sig-scalar
0.00417115677706536,0.0069519279617756,0.6,0.75,"(9, 9)",center data,17,3,50000,2051,0.04102,0.007435598277777779,0.003870167747904638,0.01367333333,heterogeneous-defect-sig-scalar
0.0053152007424604915,0.00885866790410082,0.6,0.75,"(9, 9)",center data,17,3,50000,5943,0.11886,0.00940851801736111,0.004789743409540338,0.03962,heterogeneous-defect-sig-scalar
0.0067730273501081404,0.0112883789168469,0.6,0.75,"(9, 9)",center data,17,3,50000,14537,0.29074,0.011954667038194443,0.006188498164782269,0.09691333333,heterogeneous-defect-sig-scalar
0.00863069932972596,0.0143844988828766,0.6,0.75,"(9, 9)",center data,17,3,50000,20779,0.41558,0.015073207465277778,0.007594374350940441,0.1385266667,heterogeneous-defect-sig-scalar
0.01099788426499464,0.0183298071083244,0.6,0.75,"(9, 9)",center data,17,3,50000,24514,0.49028,0.02029436861111111,0.010092262190765302,0.1634266667,heterogeneous-defect-sig-scalar
0.014014328814540719,0.0233572146909012,0.6,0.75,"(9, 9)",center data,17,3,50000,24834,0.49668,0.0235582403125,0.012030416208194537,0.16556,heterogeneous-defect-sig-scalar
0.01785810864978792,0.0297635144163132,0.6,0.75,"(9, 9)",center data,17,3,50000,24967,0.49934,0.03235169357638889,0.016744440790168843,0.1664466667,heterogeneous-defect-sig-scalar
0.0227561411443935,0.0379269019073225,0.6,0.75,"(9, 9)",center data,17,3,50000,24966,0.49932,0.041080500642361115,0.020411596619541693,0.16644,heterogeneous-defect-sig-scalar
0.028997581431430497,0.0483293023857175,0.6,0.75,"(9, 9)",center data,17,3,50000,24976,0.49952,0.05318463902256944,0.026966694436334558,0.1665066667,heterogeneous-defect-sig-scalar
0.03695089266396156,0.0615848211066026,0.6,0.75,"(9, 9)",center data,17,3,50000,24953,0.49906,0.06448199776041667,0.033763377533902704,0.1663533333,heterogeneous-defect-sig-scalar
0.04708559822108766,0.0784759970351461,0.6,0.75,"(9, 9)",center data,17,3,50000,24990,0.4998,0.08059212878472222,0.04176113137063701,0.1666,heterogeneous-defect-sig-scalar
0.06,0.1,0.6,0.75,"(9, 9)",center data,17,3,50000,24955,0.4991,0.10457418427083333,0.05453595910956419,0.1663666667,heterogeneous-defect-sig-scalar
