p_sigma,p_mu,p_sig_scalar,distance,rounds,shots,errors,ler_shot,mu_out,sigma_out,ler_round,noise_model
0.000382282495710939,0.00127427498570313,0.3,3,3,50000,1959,0.03918,0.0011827794117647058,0.00043610942932561413,0.01306,heterogeneous-sig-scalar
1.27427498570313e-05,0.00127427498570313,0.01,3,3,50000,1849,0.03698,0.0012751470588235293,1.725214795312571e-05,0.01232666667,heterogeneous-sig-scalar
0.001146847487132817,0.00127427498570313,0.9,3,3,50000,2269,0.04538,0.0013481819999999999,0.0009594965853147099,0.01512666667,heterogeneous-sig-scalar
0.000764564991421878,0.00127427498570313,0.6,3,3,50000,2425,0.0485,0.0014126058235294117,0.0006892345102889176,0.01616666667,heterogeneous-sig-scalar
1.6237767391887198e-05,0.00162377673918872,0.01,3,3,50000,2362,0.04724,0.0016353411764705882,1.5420576735362777e-05,0.01574666667,heterogeneous-sig-scalar
0.0006,0.001,0.6,3,3,50000,1324,0.02648,0.0008449747058823531,0.00048624855056935226,0.008826666667,heterogeneous-sig-scalar
0.0003,0.001,0.3,3,3,50000,1460,0.0292,0.0009641464705882353,0.0003733794071157801,0.009733333333,heterogeneous-sig-scalar
0.0,0.00127427498570313,0.0,3,3,50000,1849,0.03698,0.00127427498570313,0.0,0.01232666667,heterogeneous-sig-scalar
0.0009000000000000001,0.001,0.9,3,3,50000,1661,0.03322,0.0013295264705882354,0.0006634459925441086,0.01107333333,heterogeneous-sig-scalar
0.0,0.001,0.0,3,3,50000,1332,0.02664,0.001,0.0,0.00888,heterogeneous-sig-scalar
0.0,0.00162377673918872,0.0,3,3,50000,2382,0.04764,0.00162377673918872,0.0,0.01588,heterogeneous-sig-scalar
1e-05,0.001,0.01,3,3,50000,1510,0.0302,0.0010037564705882352,1.1265780535438505e-05,0.01006666667,heterogeneous-sig-scalar
0.000487133021756616,0.00162377673918872,0.3,3,3,50000,1892,0.03784,0.0015705564705882353,0.0007152032795189086,0.01261333333,heterogeneous-sig-scalar
0.000974266043513232,0.00162377673918872,0.6,3,3,50000,2478,0.04956,0.0019991023529411763,0.0008141573890877785,0.01652,heterogeneous-sig-scalar
0.0,0.00206913808111479,0.0,3,3,50000,3008,0.06016,0.00206913808111479,0.0,0.02005333333,heterogeneous-sig-scalar
0.001461399065269848,0.00162377673918872,0.9,3,3,50000,2521,0.05042,0.0017810654705882351,0.0011241433210525571,0.01680666667,heterogeneous-sig-scalar
0.0018622242730033111,0.00206913808111479,0.9,3,3,50000,3209,0.06418,0.0021493420588235296,0.0014202437677292242,0.02139333333,heterogeneous-sig-scalar
2.63665089873036e-05,0.00263665089873036,0.01,3,3,50000,3934,0.07868,0.0026389705882352943,2.6797558376615156e-05,0.02622666667,heterogeneous-sig-scalar
0.0,0.00263665089873036,0.0,3,3,50000,3798,0.07596,0.00263665089873036,0.0,0.02532,heterogeneous-sig-scalar
0.001241482848668874,0.00206913808111479,0.6,3,3,50000,2073,0.04146,0.002170421176470588,0.0010997913313409657,0.01382,heterogeneous-sig-scalar
0.001581990539238216,0.00263665089873036,0.6,3,3,50000,3840,0.0768,0.0032992829411764707,0.0014791910212949458,0.0256,heterogeneous-sig-scalar
2.06913808111479e-05,0.00206913808111479,0.01,3,3,50000,2933,0.05866,0.0020721941176470586,1.9660006300885623e-05,0.01955333333,heterogeneous-sig-scalar
0.000620741424334437,0.00206913808111479,0.3,3,3,50000,3518,0.07036,0.0022408488235294115,0.0007231011286517532,0.02345333333,heterogeneous-sig-scalar
0.000790995269619108,0.00263665089873036,0.3,3,3,50000,4033,0.08066,0.002944458823529412,0.0006349482656635926,0.02688666667,heterogeneous-sig-scalar
0.002372985808857324,0.00263665089873036,0.9,3,3,50000,5749,0.11498,0.003289310588235294,0.0015731803023903731,0.03832666667,heterogeneous-sig-scalar
0.0,0.00335981828628378,0.0,3,3,50000,4855,0.0971,0.00335981828628378,0.0,0.03236666667,heterogeneous-sig-scalar
3.35981828628378e-05,0.00335981828628378,0.01,3,3,50000,4870,0.0974,0.0033460176470588234,2.336410608791185e-05,0.03246666667,heterogeneous-sig-scalar
0.002015890971770268,0.00335981828628378,0.6,3,3,50000,4643,0.09286,0.004022235294117647,0.0014770311370891258,0.03095333333,heterogeneous-sig-scalar
0.00128439971961582,0.0042813323987194,0.3,3,3,50000,6249,0.12498,0.004574023529411765,0.0013028074384955392,0.04166,heterogeneous-sig-scalar
0.0,0.0042813323987194,0.0,3,3,50000,6044,0.12088,0.0042813323987194,0.0,0.04029333333,heterogeneous-sig-scalar
4.2813323987194e-05,0.0042813323987194,0.01,3,3,50000,6084,0.12168,0.004293764705882353,4.1934864635197216e-05,0.04056,heterogeneous-sig-scalar
0.001007945485885134,0.00335981828628378,0.3,3,3,50000,5192,0.10384,0.003123835294117647,0.0009960099993244673,0.03461333333,heterogeneous-sig-scalar
0.00256879943923164,0.0042813323987194,0.6,3,3,50000,6492,0.12984,0.004737842941176471,0.002633365529654723,0.04328,heterogeneous-sig-scalar
0.0038531991588474602,0.0042813323987194,0.9,3,3,50000,6956,0.13912,0.005330780588235294,0.0032004400386646662,0.04637333333,heterogeneous-sig-scalar
0.003023836457655402,0.00335981828628378,0.9,3,3,50000,3185,0.0637,0.0037950152941176474,0.0020339918251849076,0.02123333333,heterogeneous-sig-scalar
0.0,0.00545559478116852,0.0,3,3,50000,7718,0.15436,0.00545559478116852,0.0,0.05145333333,heterogeneous-sig-scalar
5.45559478116852e-05,0.00545559478116852,0.01,3,3,50000,7707,0.15414,0.005452388235294117,6.093445738566824e-05,0.05138,heterogeneous-sig-scalar
0.0016366784343505559,0.00545559478116852,0.3,3,3,50000,7299,0.14598,0.005299900000000001,0.0011053592655251743,0.04866,heterogeneous-sig-scalar
0.0032733568687011117,0.00545559478116852,0.6,3,3,50000,7992,0.15984,0.00561622705882353,0.0031181431961529414,0.05328,heterogeneous-sig-scalar
6.9519279617756e-05,0.0069519279617756,0.01,3,3,50000,9745,0.1949,0.0069654529411764705,6.145243131788104e-05,0.06496666667,heterogeneous-sig-scalar
0.004910035303051668,0.00545559478116852,0.9,3,3,50000,7834,0.15668,0.0050512,0.0033534636020968282,0.05222666667,heterogeneous-sig-scalar
0.0,0.0069519279617756,0.0,3,3,50000,9789,0.19578,0.0069519279617756,0.0,0.06526,heterogeneous-sig-scalar
0.00417115677706536,0.0069519279617756,0.6,3,3,50000,11434,0.22868,0.0069153,0.0029427640894034222,0.07622666667,heterogeneous-sig-scalar
0.00208557838853268,0.0069519279617756,0.3,3,3,50000,9383,0.18766,0.007487547058823529,0.002139312629607284,0.06255333333,heterogeneous-sig-scalar
0.006256735165598041,0.0069519279617756,0.9,3,3,50000,9017,0.18034,0.006275128823529412,0.0032879205258748577,0.06011333333,heterogeneous-sig-scalar
0.0,0.00885866790410082,0.0,3,3,50000,12049,0.24098,0.00885866790410082,0.0,0.08032666667,heterogeneous-sig-scalar
0.0026576003712302457,0.00885866790410082,0.3,3,3,50000,12148,0.24296,0.008505358823529412,0.00318487531385062,0.08098666667,heterogeneous-sig-scalar
8.858667904100819e-05,0.00885866790410082,0.01,3,3,50000,11960,0.2392,0.008874870588235294,7.238867123510012e-05,0.07973333333,heterogeneous-sig-scalar
0.0053152007424604915,0.00885866790410082,0.6,3,3,50000,14018,0.28036,0.009383305882352942,0.0027973426637079505,0.09345333333,heterogeneous-sig-scalar
0.007972801113690737,0.00885866790410082,0.9,3,3,50000,13316,0.26632,0.010263323529411766,0.004867693118865071,0.08877333333,heterogeneous-sig-scalar
0.0,0.0112883789168469,0.0,3,3,50000,14764,0.29528,0.0112883789168469,0.0,0.09842666667,heterogeneous-sig-scalar
0.000112883789168469,0.0112883789168469,0.01,3,3,50000,14358,0.28716,0.011331764705882355,9.792105428339873e-05,0.09572,heterogeneous-sig-scalar
0.0033865136750540702,0.0112883789168469,0.3,3,3,50000,14674,0.29348,0.01062974705882353,0.00431204667143214,0.09782666667,heterogeneous-sig-scalar
0.01015954102516221,0.0112883789168469,0.9,3,3,50000,17778,0.35556,0.012622911764705882,0.008878771509808718,0.11852,heterogeneous-sig-scalar
0.0067730273501081404,0.0112883789168469,0.6,3,3,50000,15483,0.30966,0.012268876470588237,0.005274454447788824,0.10322,heterogeneous-sig-scalar
0.0,0.0143844988828766,0.0,3,3,50000,17155,0.3431,0.0143844988828766,0.0,0.1143666667,heterogeneous-sig-scalar
0.000143844988828766,0.0143844988828766,0.01,3,3,50000,17205,0.3441,0.014365764705882352,0.0001315788868329858,0.1147,heterogeneous-sig-scalar
0.00431534966486298,0.0143844988828766,0.3,3,3,50000,16104,0.32208,0.012661941176470588,0.0033398357737115343,0.10736,heterogeneous-sig-scalar
0.00863069932972596,0.0143844988828766,0.6,3,3,50000,20507,0.41014,0.017416911764705882,0.008764945265617656,0.1367133333,heterogeneous-sig-scalar
0.01294604899458894,0.0143844988828766,0.9,3,3,50000,18362,0.36724,0.01425042294117647,0.007680119502429453,0.1224133333,heterogeneous-sig-scalar
0.0,0.0183298071083244,0.0,3,3,50000,20148,0.40296,0.0183298071083244,0.0,0.13432,heterogeneous-sig-scalar
0.00018329807108324403,0.0183298071083244,0.01,3,3,50000,19841,0.39682,0.01835611764705882,0.0001510472782833794,0.1322733333,heterogeneous-sig-scalar
0.01099788426499464,0.0183298071083244,0.6,3,3,50000,19266,0.38532,0.017839394117647057,0.008953628351973266,0.12844,heterogeneous-sig-scalar
0.00549894213249732,0.0183298071083244,0.3,3,3,50000,20220,0.4044,0.019110058823529414,0.005342234765588034,0.1348,heterogeneous-sig-scalar
0.016496826397491962,0.0183298071083244,0.9,3,3,50000,20721,0.41442,0.018258976470588238,0.009979373494630248,0.13814,heterogeneous-sig-scalar
0.00023357214690901198,0.0233572146909012,0.01,3,3,50000,21935,0.4387,0.023274764705882352,0.00021368215246888794,0.1462333333,heterogeneous-sig-scalar
0.0,0.0233572146909012,0.0,3,3,50000,22088,0.44176,0.0233572146909012,0.0,0.1472533333,heterogeneous-sig-scalar
0.0070071644072703596,0.0233572146909012,0.3,3,3,50000,21170,0.4234,0.02147029411764706,0.006884184857249907,0.1411333333,heterogeneous-sig-scalar
0.014014328814540719,0.0233572146909012,0.6,3,3,50000,22961,0.45922,0.027107000000000003,0.012810422948429418,0.1530733333,heterogeneous-sig-scalar
0.02102149322181108,0.0233572146909012,0.9,3,3,50000,22557,0.45114,0.0270279,0.02027183390078896,0.15038,heterogeneous-sig-scalar
0.0,0.0297635144163132,0.0,3,3,50000,23651,0.47302,0.029763514416313204,3.469446951953614e-18,0.1576733333,heterogeneous-sig-scalar
0.000297635144163132,0.0297635144163132,0.01,3,3,50000,23441,0.46882,0.029764764705882355,0.00024691449565809203,0.1562733333,heterogeneous-sig-scalar
0.00892905432489396,0.0297635144163132,0.3,3,3,50000,23733,0.47466,0.029295882352941175,0.005456063328534842,0.15822,heterogeneous-sig-scalar
0.01785810864978792,0.0297635144163132,0.6,3,3,50000,24878,0.49756,0.034147010000000005,0.018399759797964117,0.1658533333,heterogeneous-sig-scalar
0.0,0.0379269019073225,0.0,3,3,50000,24533,0.49066,0.0379269019073225,0.0,0.1635533333,heterogeneous-sig-scalar
0.02678716297468188,0.0297635144163132,0.9,3,3,50000,24622,0.49244,0.03814634117647059,0.020174657364334707,0.1641466667,heterogeneous-sig-scalar
0.000379269019073225,0.0379269019073225,0.01,3,3,50000,24548,0.49096,0.03795129411764705,0.00031236004201522086,0.1636533333,heterogeneous-sig-scalar
0.01137807057219675,0.0379269019073225,0.3,3,3,50000,24037,0.48074,0.03894052941176471,0.012083438501264481,0.1602466667,heterogeneous-sig-scalar
0.0227561411443935,0.0379269019073225,0.6,3,3,50000,23126,0.46252,0.02837721117647059,0.018516044522194287,0.1541733333,heterogeneous-sig-scalar
0.03413421171659025,0.0379269019073225,0.9,3,3,50000,24424,0.48848,0.045662,0.026553553771709332,0.1628266667,heterogeneous-sig-scalar
0.0,0.0483293023857175,0.0,3,3,50000,24895,0.4979,0.0483293023857175,0.0,0.1659666667,heterogeneous-sig-scalar
0.000483293023857175,0.0483293023857175,0.01,3,3,50000,24906,0.49812,0.04838505882352941,0.00044703092018183243,0.16604,heterogeneous-sig-scalar
0.014498790715715248,0.0483293023857175,0.3,3,3,50000,24930,0.4986,0.04459070588235294,0.011109026106330917,0.1662,heterogeneous-sig-scalar
0.028997581431430497,0.0483293023857175,0.6,3,3,50000,25044,0.50088,0.06596482352941177,0.024810153254227793,0.16696,heterogeneous-sig-scalar
0.043496372147145745,0.0483293023857175,0.9,3,3,50000,25038,0.50076,0.05941341764705882,0.03691800643308382,0.16692,heterogeneous-sig-scalar
0.0,0.0615848211066026,0.0,3,3,50000,25050,0.501,0.0615848211066026,0.0,0.167,heterogeneous-sig-scalar
0.01847544633198078,0.0615848211066026,0.3,3,3,50000,25001,0.50002,0.06295194117647059,0.0192616822350996,0.1666733333,heterogeneous-sig-scalar
0.000615848211066026,0.0615848211066026,0.01,3,3,50000,24984,0.49968,0.061506529411764696,0.00077209722929686,0.16656,heterogeneous-sig-scalar
0.03695089266396156,0.0615848211066026,0.6,3,3,50000,24686,0.49372,0.050451823529411764,0.04415897735286916,0.1645733333,heterogeneous-sig-scalar
0.05542633899594234,0.0615848211066026,0.9,3,3,50000,24397,0.48794,0.08156333588235296,0.05381321586337003,0.1626466667,heterogeneous-sig-scalar
0.0,0.0784759970351461,0.0,3,3,50000,24909,0.49818,0.0784759970351461,0.0,0.16606,heterogeneous-sig-scalar
0.000784759970351461,0.0784759970351461,0.01,3,3,50000,24934,0.49868,0.07813505882352942,0.0006340212902890494,0.1662266667,heterogeneous-sig-scalar
0.02354279911054383,0.0784759970351461,0.3,3,3,50000,24899,0.49798,0.08410576470588237,0.025131028415859832,0.1659933333,heterogeneous-sig-scalar
0.04708559822108766,0.0784759970351461,0.6,3,3,50000,25088,0.50176,0.07846126470588236,0.043163884373164686,0.1672533333,heterogeneous-sig-scalar
0.0706283973316315,0.0784759970351461,0.9,3,3,50000,24626,0.49252,0.07199320470588234,0.06405721028925263,0.1641733333,heterogeneous-sig-scalar
0.0,0.1,0.0,3,3,50000,24989,0.49978,0.1,0.0,0.1665933333,heterogeneous-sig-scalar
0.001,0.1,0.01,3,3,50000,24876,0.49752,0.10005888235294116,0.0007711605373684923,0.16584,heterogeneous-sig-scalar
0.03,0.1,0.3,3,3,50000,25025,0.5005,0.10833764705882352,0.029946029885035388,0.1668333333,heterogeneous-sig-scalar
0.06,0.1,0.6,3,3,50000,24960,0.4992,0.09576008823529412,0.055811462887431613,0.1664,heterogeneous-sig-scalar
0.09000000000000001,0.1,0.9,3,3,50000,24905,0.4981,0.1213890588235294,0.055952199413712364,0.1660333333,heterogeneous-sig-scalar
0.0006,0.001,0.6,5,3,50000,83,0.00166,0.0010358551020408161,0.0005283721507442765,0.0005533333333,heterogeneous-sig-scalar
1.27427498570313e-05,0.00127427498570313,0.01,5,3,50000,108,0.00216,0.0012747244897959183,1.3722535176798312e-05,0.00072,heterogeneous-sig-scalar
0.0003,0.001,0.3,5,3,50000,57,0.00114,0.0010576300000000002,0.00026684155521926626,0.00038,heterogeneous-sig-scalar
0.0,0.001,0.0,5,3,50000,59,0.00118,0.001,0.0,0.0003933333333,heterogeneous-sig-scalar
0.0,0.00127427498570313,0.0,5,3,50000,115,0.0023,0.00127427498570313,0.0,0.0007666666667,heterogeneous-sig-scalar
0.001146847487132817,0.00127427498570313,0.9,5,3,50000,157,0.00314,0.0014586581632653058,0.0009419242238482545,0.001046666667,heterogeneous-sig-scalar
0.0,0.00162377673918872,0.0,5,3,50000,236,0.00472,0.0016237767391887197,2.168404344971009e-19,0.001573333333,heterogeneous-sig-scalar
0.000382282495710939,0.00127427498570313,0.3,5,3,50000,163,0.00326,0.0013825542857142856,0.00039590908214706395,0.001086666667,heterogeneous-sig-scalar
1e-05,0.001,0.01,5,3,50000,82,0.00164,0.000999615918367347,8.920607629703935e-06,0.0005466666667,heterogeneous-sig-scalar
0.0009000000000000001,0.001,0.9,5,3,50000,117,0.00234,0.0012494126734693876,0.0007473929622149408,0.00078,heterogeneous-sig-scalar
1.6237767391887198e-05,0.00162377673918872,0.01,5,3,50000,197,0.00394,0.0016232836734693878,1.758136010780499e-05,0.001313333333,heterogeneous-sig-scalar
0.000764564991421878,0.00127427498570313,0.6,5,3,50000,96,0.00192,0.0012878442857142856,0.0005764540621766838,0.00064,heterogeneous-sig-scalar
0.000487133021756616,0.00162377673918872,0.3,5,3,50000,186,0.00372,0.0016056557142857144,0.0004647914066743999,0.00124,heterogeneous-sig-scalar
0.001461399065269848,0.00162377673918872,0.9,5,3,50000,218,0.00436,0.0018098577551020408,0.0010917768741251816,0.001453333333,heterogeneous-sig-scalar
0.000974266043513232,0.00162377673918872,0.6,5,3,50000,235,0.0047,0.001763448163265306,0.0008174268710764596,0.001566666667,heterogeneous-sig-scalar
0.0,0.00206913808111479,0.0,5,3,50000,360,0.0072,0.00206913808111479,0.0,0.0024,heterogeneous-sig-scalar
2.06913808111479e-05,0.00206913808111479,0.01,5,3,50000,374,0.00748,0.002068902040816327,1.7991466115298256e-05,0.002493333333,heterogeneous-sig-scalar
0.0018622242730033111,0.00206913808111479,0.9,5,3,50000,796,0.01592,0.0029210328571428576,0.0015084243171019519,0.005306666667,heterogeneous-sig-scalar
0.000620741424334437,0.00206913808111479,0.3,5,3,50000,412,0.00824,0.0021523991836734694,0.0005990848801597886,0.002746666667,heterogeneous-sig-scalar
0.001241482848668874,0.00206913808111479,0.6,5,3,50000,400,0.008,0.0021156867346938772,0.0010848229081760873,0.002666666667,heterogeneous-sig-scalar
0.0,0.00263665089873036,0.0,5,3,50000,661,0.01322,0.00263665089873036,0.0,0.004406666667,heterogeneous-sig-scalar
2.63665089873036e-05,0.00263665089873036,0.01,5,3,50000,647,0.01294,0.002632163265306122,2.604169885268035e-05,0.004313333333,heterogeneous-sig-scalar
0.000790995269619108,0.00263665089873036,0.3,5,3,50000,697,0.01394,0.0027623938775510203,0.0007175556357319472,0.004646666667,heterogeneous-sig-scalar
0.001581990539238216,0.00263665089873036,0.6,5,3,50000,640,0.0128,0.00267242612244898,0.0010998797371509163,0.004266666667,heterogeneous-sig-scalar
0.002372985808857324,0.00263665089873036,0.9,5,3,50000,933,0.01866,0.0031943155102040818,0.001841681177230064,0.00622,heterogeneous-sig-scalar
0.0,0.00335981828628378,0.0,5,3,50000,1106,0.02212,0.003359818286283781,8.673617379884035e-19,0.007373333333,heterogeneous-sig-scalar
3.35981828628378e-05,0.00335981828628378,0.01,5,3,50000,1072,0.02144,0.0033570836734693878,3.6664982721040455e-05,0.007146666667,heterogeneous-sig-scalar
0.001007945485885134,0.00335981828628378,0.3,5,3,50000,1160,0.0232,0.003398341836734694,0.0010191342526042976,0.007733333333,heterogeneous-sig-scalar
0.002015890971770268,0.00335981828628378,0.6,5,3,50000,1200,0.024,0.00373901693877551,0.0018494740772007504,0.008,heterogeneous-sig-scalar
0.003023836457655402,0.00335981828628378,0.9,5,3,50000,1576,0.03152,0.004403990408163265,0.0023805605853577886,0.01050666667,heterogeneous-sig-scalar
0.0,0.0042813323987194,0.0,5,3,50000,1743,0.03486,0.0042813323987194,0.0,0.01162,heterogeneous-sig-scalar
4.2813323987194e-05,0.0042813323987194,0.01,5,3,50000,1869,0.03738,0.0042794918367346935,4.677664181058093e-05,0.01246,heterogeneous-sig-scalar
0.00128439971961582,0.0042813323987194,0.3,5,3,50000,2099,0.04198,0.00465610612244898,0.0011263154158959936,0.01399333333,heterogeneous-sig-scalar
0.00256879943923164,0.0042813323987194,0.6,5,3,50000,2127,0.04254,0.004644827755102041,0.002311975033919352,0.01418,heterogeneous-sig-scalar
0.0038531991588474602,0.0042813323987194,0.9,5,3,50000,2948,0.05896,0.005621804693877552,0.0034475019433609904,0.01965333333,heterogeneous-sig-scalar
0.0,0.00545559478116852,0.0,5,3,50000,3038,0.06076,0.00545559478116852,0.0,0.02025333333,heterogeneous-sig-scalar
5.45559478116852e-05,0.00545559478116852,0.01,5,3,50000,3029,0.06058,0.005460557142857143,5.424775740685946e-05,0.02019333333,heterogeneous-sig-scalar
0.0016366784343505559,0.00545559478116852,0.3,5,3,50000,3165,0.0633,0.005491148979591836,0.0013254246763596338,0.0211,heterogeneous-sig-scalar
0.0032733568687011117,0.00545559478116852,0.6,5,3,50000,3750,0.075,0.005851284489795919,0.0031507747273154967,0.025,heterogeneous-sig-scalar
0.004910035303051668,0.00545559478116852,0.9,5,3,50000,4487,0.08974,0.006563028979591837,0.004962268529693317,0.02991333333,heterogeneous-sig-scalar
0.0,0.0069519279617756,0.0,5,3,50000,4856,0.09712,0.006951927961775599,8.673617379884035e-19,0.03237333333,heterogeneous-sig-scalar
6.9519279617756e-05,0.0069519279617756,0.01,5,3,50000,4900,0.098,0.006951230612244899,7.590574768934307e-05,0.03266666667,heterogeneous-sig-scalar
0.00208557838853268,0.0069519279617756,0.3,5,3,50000,5193,0.10386,0.007142191836734694,0.002343101070649813,0.03462,heterogeneous-sig-scalar
0.00417115677706536,0.0069519279617756,0.6,5,3,50000,5280,0.1056,0.007562463265306124,0.00367880230547011,0.0352,heterogeneous-sig-scalar
0.006256735165598041,0.0069519279617756,0.9,5,3,50000,7025,0.1405,0.009101858979591836,0.005379328359228594,0.04683333333,heterogeneous-sig-scalar
0.0,0.00885866790410082,0.0,5,3,50000,7850,0.157,0.008858667904100821,1.734723475976807e-18,0.05233333333,heterogeneous-sig-scalar
0.0026576003712302457,0.00885866790410082,0.3,5,3,50000,8077,0.16154,0.008795575510204082,0.0026067324150134555,0.05384666667,heterogeneous-sig-scalar
8.858667904100819e-05,0.00885866790410082,0.01,5,3,50000,7873,0.15746,0.008873142857142857,9.639371433483263e-05,0.05248666667,heterogeneous-sig-scalar
0.0053152007424604915,0.00885866790410082,0.6,5,3,50000,10159,0.20318,0.01047614693877551,0.005244562819238569,0.06772666667,heterogeneous-sig-scalar
0.007972801113690737,0.00885866790410082,0.9,5,3,50000,8806,0.17612,0.010191881428571428,0.0062341442341901036,0.05870666667,heterogeneous-sig-scalar
0.0,0.0112883789168469,0.0,5,3,50000,11701,0.23402,0.0112883789168469,0.0,0.07800666667,heterogeneous-sig-scalar
0.000112883789168469,0.0112883789168469,0.01,5,3,50000,11317,0.22634,0.011289265306122448,0.0001074961367146734,0.07544666667,heterogeneous-sig-scalar
0.0033865136750540702,0.0112883789168469,0.3,5,3,50000,11599,0.23198,0.011505251020408164,0.0031172458701141715,0.07732666667,heterogeneous-sig-scalar
0.0067730273501081404,0.0112883789168469,0.6,5,3,50000,11394,0.22788,0.012134477346938776,0.006885130054994078,0.07596,heterogeneous-sig-scalar
0.01015954102516221,0.0112883789168469,0.9,5,3,50000,13971,0.27942,0.013888443469387758,0.007528853407164849,0.09314,heterogeneous-sig-scalar
0.0,0.0143844988828766,0.0,5,3,50000,15719,0.31438,0.0143844988828766,0.0,0.1047933333,heterogeneous-sig-scalar
0.000143844988828766,0.0143844988828766,0.01,5,3,50000,15504,0.31008,0.014389693877551018,0.00015495900762507568,0.10336,heterogeneous-sig-scalar
0.00431534966486298,0.0143844988828766,0.3,5,3,50000,14985,0.2997,0.014301414285714284,0.0045848873923812275,0.0999,heterogeneous-sig-scalar
0.01294604899458894,0.0143844988828766,0.9,5,3,50000,18588,0.37176,0.018530689795918365,0.00958501589359514,0.12392,heterogeneous-sig-scalar
0.00863069932972596,0.0143844988828766,0.6,5,3,50000,16324,0.32648,0.016010993061224492,0.008133621190675963,0.1088266667,heterogeneous-sig-scalar
0.0,0.0183298071083244,0.0,5,3,50000,19758,0.39516,0.018329807108324405,3.469446951953614e-18,0.13172,heterogeneous-sig-scalar
0.00018329807108324403,0.0183298071083244,0.01,5,3,50000,19646,0.39292,0.01836126530612245,0.00016028504908318858,0.1309733333,heterogeneous-sig-scalar
0.00549894213249732,0.0183298071083244,0.3,5,3,50000,19358,0.38716,0.01822488775510204,0.006092012327517532,0.1290533333,heterogeneous-sig-scalar
0.01099788426499464,0.0183298071083244,0.6,5,3,50000,19783,0.39566,0.0196222,0.00939295965866924,0.1318866667,heterogeneous-sig-scalar
0.0,0.0233572146909012,0.0,5,3,50000,22667,0.45334,0.0233572146909012,0.0,0.1511133333,heterogeneous-sig-scalar
0.016496826397491962,0.0183298071083244,0.9,5,3,50000,20838,0.41676,0.021137564285714283,0.014814234661170607,0.13892,heterogeneous-sig-scalar
0.00023357214690901198,0.0233572146909012,0.01,5,3,50000,22775,0.4555,0.023349979591836732,0.00022745149649315623,0.1518333333,heterogeneous-sig-scalar
0.0070071644072703596,0.0233572146909012,0.3,5,3,50000,22602,0.45204,0.02353166326530612,0.0075111536160265375,0.15068,heterogeneous-sig-scalar
0.014014328814540719,0.0233572146909012,0.6,5,3,50000,23828,0.47656,0.027651383673469386,0.01388015161677391,0.1588533333,heterogeneous-sig-scalar
0.02102149322181108,0.0233572146909012,0.9,5,3,50000,22014,0.44028,0.02433106632653061,0.013448464683981164,0.14676,heterogeneous-sig-scalar
0.0,0.0297635144163132,0.0,5,3,50000,24258,0.48516,0.029763514416313204,3.469446951953614e-18,0.16172,heterogeneous-sig-scalar
0.000297635144163132,0.0297635144163132,0.01,5,3,50000,24376,0.48752,0.029796489795918365,0.00032593401876722546,0.1625066667,heterogeneous-sig-scalar
0.00892905432489396,0.0297635144163132,0.3,5,3,50000,24765,0.4953,0.033480020408163266,0.00782787424551935,0.1651,heterogeneous-sig-scalar
0.01785810864978792,0.0297635144163132,0.6,5,3,50000,24312,0.48624,0.031149536734693877,0.01634349871877155,0.16208,heterogeneous-sig-scalar
0.02678716297468188,0.0297635144163132,0.9,5,3,50000,24514,0.49028,0.0402683612244898,0.022946189038703685,0.1634266667,heterogeneous-sig-scalar
0.0,0.0379269019073225,0.0,5,3,50000,24901,0.49802,0.0379269019073225,0.0,0.1660066667,heterogeneous-sig-scalar
0.000379269019073225,0.0379269019073225,0.01,5,3,50000,24838,0.49676,0.03790989795918367,0.0003517038552995536,0.1655866667,heterogeneous-sig-scalar
0.01137807057219675,0.0379269019073225,0.3,5,3,50000,24874,0.49748,0.03742797959183674,0.010034485981750678,0.1658266667,heterogeneous-sig-scalar
0.0227561411443935,0.0379269019073225,0.6,5,3,50000,24686,0.49372,0.038110889795918375,0.018686970299073825,0.1645733333,heterogeneous-sig-scalar
0.03413421171659025,0.0379269019073225,0.9,5,3,50000,24929,0.49858,0.04467653265306122,0.023774980257854742,0.1661933333,heterogeneous-sig-scalar
0.0,0.0483293023857175,0.0,5,3,50000,24979,0.49958,0.0483293023857175,0.0,0.1665266667,heterogeneous-sig-scalar
0.000483293023857175,0.0483293023857175,0.01,5,3,50000,24980,0.4996,0.048315040816326524,0.0004391673456869274,0.1665333333,heterogeneous-sig-scalar
0.014498790715715248,0.0483293023857175,0.3,5,3,50000,24973,0.49946,0.04879589795918367,0.012470137424974551,0.1664866667,heterogeneous-sig-scalar
0.043496372147145745,0.0483293023857175,0.9,5,3,50000,24933,0.49866,0.05924236326530613,0.03636574206341364,0.16622,heterogeneous-sig-scalar
0.028997581431430497,0.0483293023857175,0.6,5,3,50000,24859,0.49718,0.05430420816326531,0.024769261064965648,0.1657266667,heterogeneous-sig-scalar
0.0,0.0615848211066026,0.0,5,3,50000,25112,0.50224,0.06158482110660259,6.938893903907228e-18,0.1674133333,heterogeneous-sig-scalar
0.000615848211066026,0.0615848211066026,0.01,5,3,50000,24978,0.49956,0.061701367346938776,0.0006251500291400274,0.16652,heterogeneous-sig-scalar
0.01847544633198078,0.0615848211066026,0.3,5,3,50000,25076,0.50152,0.06396328571428571,0.017255670702344638,0.1671733333,heterogeneous-sig-scalar
0.03695089266396156,0.0615848211066026,0.6,5,3,50000,24996,0.49992,0.06521517755102042,0.028597126427119906,0.16664,heterogeneous-sig-scalar
0.05542633899594234,0.0615848211066026,0.9,5,3,50000,25307,0.50614,0.0689855387755102,0.044469152867916535,0.1687133333,heterogeneous-sig-scalar
0.0,0.0784759970351461,0.0,5,3,50000,24885,0.4977,0.07847599703514609,1.3877787807814457e-17,0.1659,heterogeneous-sig-scalar
0.000784759970351461,0.0784759970351461,0.01,5,3,50000,25044,0.50088,0.07834624489795919,0.0008587344634987584,0.16696,heterogeneous-sig-scalar
0.02354279911054383,0.0784759970351461,0.3,5,3,50000,24821,0.49642,0.08044706122448979,0.025899001995907233,0.1654733333,heterogeneous-sig-scalar
0.04708559822108766,0.0784759970351461,0.6,5,3,50000,24989,0.49978,0.07547218469387755,0.04012439785183172,0.1665933333,heterogeneous-sig-scalar
0.0706283973316315,0.0784759970351461,0.9,5,3,50000,24966,0.49932,0.08517348775510203,0.04811312147042224,0.16644,heterogeneous-sig-scalar
0.0,0.1,0.0,5,3,50000,24999,0.49998,0.09999999999999999,1.3877787807814457e-17,0.16666,heterogeneous-sig-scalar
0.001,0.1,0.01,5,3,50000,24876,0.49752,0.10007044897959184,0.0010212585684945057,0.16584,heterogeneous-sig-scalar
0.03,0.1,0.3,5,3,50000,25110,0.5022,0.09719210204081634,0.028185735025873838,0.1674,heterogeneous-sig-scalar
0.06,0.1,0.6,5,3,50000,24998,0.49996,0.09763386938775512,0.04826271804116403,0.1666533333,heterogeneous-sig-scalar
0.09000000000000001,0.1,0.9,5,3,50000,24810,0.4962,0.10305738714285716,0.06375581077673123,0.1654,heterogeneous-sig-scalar
1.27427498570313e-05,0.00127427498570313,0.01,7,3,50000,17,0.00034,0.0012734969072164947,1.2279607213640342e-05,0.0001133333333,heterogeneous-sig-scalar
0.0006,0.001,0.6,7,3,50000,11,0.00022,0.0010896040010309278,0.0005506009264965637,7.333333333e-05,heterogeneous-sig-scalar
0.0003,0.001,0.3,7,3,50000,14,0.00028,0.0010225733505154638,0.00030784608864526183,9.333333333e-05,heterogeneous-sig-scalar
1e-05,0.001,0.01,7,3,50000,12,0.00024,0.0010003273195876288,9.339787467003275e-06,8e-05,heterogeneous-sig-scalar
0.0,0.00162377673918872,0.0,7,3,50000,61,0.00122,0.00162377673918872,0.0,0.0004066666667,heterogeneous-sig-scalar
0.000382282495710939,0.00127427498570313,0.3,7,3,50000,24,0.00048,0.0011850621649484535,0.00036674517726602805,0.00016,heterogeneous-sig-scalar
0.0,0.00127427498570313,0.0,7,3,50000,25,0.0005,0.0012742749857031297,2.168404344971009e-19,0.0001666666667,heterogeneous-sig-scalar
0.000764564991421878,0.00127427498570313,0.6,7,3,50000,53,0.00106,0.0015098505463917527,0.0007308530104720668,0.0003533333333,heterogeneous-sig-scalar
0.0,0.001,0.0,7,3,50000,11,0.00022,0.0010000000000000002,2.168404344971009e-19,7.333333333e-05,heterogeneous-sig-scalar
0.001146847487132817,0.00127427498570313,0.9,7,3,50000,44,0.00088,0.0016137477041237114,0.0009378994648558197,0.0002933333333,heterogeneous-sig-scalar
1.6237767391887198e-05,0.00162377673918872,0.01,7,3,50000,50,0.001,0.0016260690721649484,1.4931923601401505e-05,0.0003333333333,heterogeneous-sig-scalar
0.0009000000000000001,0.001,0.9,7,3,50000,18,0.00036,0.0011994590721649484,0.0006828219503445499,0.00012,heterogeneous-sig-scalar
0.000487133021756616,0.00162377673918872,0.3,7,3,50000,60,0.0012,0.0016662756701030926,0.0004629038015289049,0.0004,heterogeneous-sig-scalar
0.000974266043513232,0.00162377673918872,0.6,7,3,50000,66,0.00132,0.001841590041237113,0.0009107899128496192,0.00044,heterogeneous-sig-scalar
0.001461399065269848,0.00162377673918872,0.9,7,3,50000,83,0.00166,0.0020369778659793817,0.0012150513837414587,0.0005533333333,heterogeneous-sig-scalar
0.0,0.00206913808111479,0.0,7,3,50000,101,0.00202,0.00206913808111479,0.0,0.0006733333333,heterogeneous-sig-scalar
2.06913808111479e-05,0.00206913808111479,0.01,7,3,50000,97,0.00194,0.002069360824742268,2.0749952461508254e-05,0.0006466666667,heterogeneous-sig-scalar
0.000620741424334437,0.00206913808111479,0.3,7,3,50000,141,0.00282,0.0021300680412371137,0.0005576343117847649,0.00094,heterogeneous-sig-scalar
0.001241482848668874,0.00206913808111479,0.6,7,3,50000,144,0.00288,0.0022213256701030925,0.001114261126573849,0.00096,heterogeneous-sig-scalar
0.0018622242730033111,0.00206913808111479,0.9,7,3,50000,176,0.00352,0.002487599329896907,0.0014635767028437646,0.001173333333,heterogeneous-sig-scalar
2.63665089873036e-05,0.00263665089873036,0.01,7,3,50000,233,0.00466,0.0026383206185567006,2.3073463751987777e-05,0.001553333333,heterogeneous-sig-scalar
0.0,0.00263665089873036,0.0,7,3,50000,240,0.0048,0.0026366508987303596,4.336808689942018e-19,0.0016,heterogeneous-sig-scalar
0.000790995269619108,0.00263665089873036,0.3,7,3,50000,189,0.00378,0.002588459072164949,0.0007503966680103229,0.00126,heterogeneous-sig-scalar
0.001581990539238216,0.00263665089873036,0.6,7,3,50000,209,0.00418,0.0026595599896907214,0.001447706039762761,0.001393333333,heterogeneous-sig-scalar
0.002372985808857324,0.00263665089873036,0.9,7,3,50000,325,0.0065,0.00315890575257732,0.0016284775442297502,0.002166666667,heterogeneous-sig-scalar
0.0,0.00335981828628378,0.0,7,3,50000,492,0.00984,0.0033598182862837815,1.3010426069826053e-18,0.00328,heterogeneous-sig-scalar
3.35981828628378e-05,0.00335981828628378,0.01,7,3,50000,490,0.0098,0.0033572886597938146,3.244169036073149e-05,0.003266666667,heterogeneous-sig-scalar
0.001007945485885134,0.00335981828628378,0.3,7,3,50000,434,0.00868,0.0033280376288659795,0.000992445964398606,0.002893333333,heterogeneous-sig-scalar
0.002015890971770268,0.00335981828628378,0.6,7,3,50000,543,0.01086,0.003671821443298969,0.0017825609531135049,0.00362,heterogeneous-sig-scalar
0.003023836457655402,0.00335981828628378,0.9,7,3,50000,838,0.01676,0.004105679484536082,0.002221360545185297,0.005586666667,heterogeneous-sig-scalar
0.0,0.0042813323987194,0.0,7,3,50000,1008,0.02016,0.004281332398719402,1.734723475976807e-18,0.00672,heterogeneous-sig-scalar
4.2813323987194e-05,0.0042813323987194,0.01,7,3,50000,1077,0.02154,0.00428749587628866,4.136806606806147e-05,0.00718,heterogeneous-sig-scalar
0.00256879943923164,0.0042813323987194,0.6,7,3,50000,904,0.01808,0.004356339690721649,0.0024200958204406574,0.006026666667,heterogeneous-sig-scalar
0.00128439971961582,0.0042813323987194,0.3,7,3,50000,804,0.01608,0.004094896804123712,0.0013853687755210724,0.00536,heterogeneous-sig-scalar
0.0038531991588474602,0.0042813323987194,0.9,7,3,50000,1938,0.03876,0.005467825051546391,0.0035782850412482336,0.01292,heterogeneous-sig-scalar
0.0,0.00545559478116852,0.0,7,3,50000,2060,0.0412,0.00545559478116852,0.0,0.01373333333,heterogeneous-sig-scalar
5.45559478116852e-05,0.00545559478116852,0.01,7,3,50000,2077,0.04154,0.005438236082474227,5.4286905230436144e-05,0.01384666667,heterogeneous-sig-scalar
0.0016366784343505559,0.00545559478116852,0.3,7,3,50000,1929,0.03858,0.00550989793814433,0.0017965569683743138,0.01286,heterogeneous-sig-scalar
0.0032733568687011117,0.00545559478116852,0.6,7,3,50000,1595,0.0319,0.005447185567010309,0.0032129236682065113,0.01063333333,heterogeneous-sig-scalar
0.0,0.0069519279617756,0.0,7,3,50000,4095,0.0819,0.0069519279617756,0.0,0.0273,heterogeneous-sig-scalar
0.004910035303051668,0.00545559478116852,0.9,7,3,50000,2675,0.0535,0.006322365773195877,0.003750218801071612,0.01783333333,heterogeneous-sig-scalar
6.9519279617756e-05,0.0069519279617756,0.01,7,3,50000,4066,0.08132,0.006949234020618556,6.907420018543325e-05,0.02710666667,heterogeneous-sig-scalar
0.00208557838853268,0.0069519279617756,0.3,7,3,50000,3700,0.074,0.0067802556701030935,0.0019451238614243266,0.02466666667,heterogeneous-sig-scalar
0.00417115677706536,0.0069519279617756,0.6,7,3,50000,4340,0.0868,0.007891599484536082,0.003870298084263851,0.02893333333,heterogeneous-sig-scalar
0.006256735165598041,0.0069519279617756,0.9,7,3,50000,6712,0.13424,0.008707212783505155,0.005560137347901151,0.04474666667,heterogeneous-sig-scalar
0.0,0.00885866790410082,0.0,7,3,50000,7161,0.14322,0.008858667904100821,1.734723475976807e-18,0.04774,heterogeneous-sig-scalar
8.858667904100819e-05,0.00885866790410082,0.01,7,3,50000,7031,0.14062,0.008863849484536081,8.962415005415765e-05,0.04687333333,heterogeneous-sig-scalar
0.0026576003712302457,0.00885866790410082,0.3,7,3,50000,6757,0.13514,0.008744344329896908,0.002858132999544704,0.04504666667,heterogeneous-sig-scalar
0.0053152007424604915,0.00885866790410082,0.6,7,3,50000,6289,0.12578,0.008671850206185569,0.0046634536379126556,0.04192666667,heterogeneous-sig-scalar
0.007972801113690737,0.00885866790410082,0.9,7,3,50000,11692,0.23384,0.011915381649484537,0.006604326948618209,0.07794666667,heterogeneous-sig-scalar
0.0,0.0112883789168469,0.0,7,3,50000,11431,0.22862,0.011288378916846904,3.469446951953614e-18,0.07620666667,heterogeneous-sig-scalar
0.000112883789168469,0.0112883789168469,0.01,7,3,50000,11494,0.22988,0.011260711340206186,0.00011953897339386643,0.07662666667,heterogeneous-sig-scalar
0.0033865136750540702,0.0112883789168469,0.3,7,3,50000,10980,0.2196,0.011072844329896908,0.0033669567746045506,0.0732,heterogeneous-sig-scalar
0.0067730273501081404,0.0112883789168469,0.6,7,3,50000,11706,0.23412,0.01195338969072165,0.005840043710037747,0.07804,heterogeneous-sig-scalar
0.01015954102516221,0.0112883789168469,0.9,7,3,50000,16258,0.32516,0.014904405154639177,0.008079687638118262,0.1083866667,heterogeneous-sig-scalar
0.0,0.0143844988828766,0.0,7,3,50000,16623,0.33246,0.0143844988828766,0.0,0.11082,heterogeneous-sig-scalar
0.000143844988828766,0.0143844988828766,0.01,7,3,50000,16521,0.33042,0.01437737113402062,0.00015051768533878317,0.11014,heterogeneous-sig-scalar
0.00431534966486298,0.0143844988828766,0.3,7,3,50000,16769,0.33538,0.014490998969072168,0.004272208241804131,0.1117933333,heterogeneous-sig-scalar
0.00863069932972596,0.0143844988828766,0.6,7,3,50000,17123,0.34246,0.0156362793814433,0.0071683132606544095,0.1141533333,heterogeneous-sig-scalar
0.01294604899458894,0.0143844988828766,0.9,7,3,50000,18520,0.3704,0.01608462002061856,0.009977427583957041,0.1234666667,heterogeneous-sig-scalar
0.0,0.0183298071083244,0.0,7,3,50000,21107,0.42214,0.018329807108324405,3.469446951953614e-18,0.1407133333,heterogeneous-sig-scalar
0.00018329807108324403,0.0183298071083244,0.01,7,3,50000,20918,0.41836,0.01831937113402062,0.0001798625660661768,0.1394533333,heterogeneous-sig-scalar
0.00549894213249732,0.0183298071083244,0.3,7,3,50000,21850,0.437,0.01934330206185567,0.005442005409450693,0.1456666667,heterogeneous-sig-scalar
0.01099788426499464,0.0183298071083244,0.6,7,3,50000,20747,0.41494,0.01976315463917526,0.00958530351214839,0.1383133333,heterogeneous-sig-scalar
0.016496826397491962,0.0183298071083244,0.9,7,3,50000,21198,0.42396,0.02056185443298969,0.01235536755244815,0.14132,heterogeneous-sig-scalar
0.0,0.0233572146909012,0.0,7,3,50000,23761,0.47522,0.023357214690901195,3.469446951953614e-18,0.1584066667,heterogeneous-sig-scalar
0.00023357214690901198,0.0233572146909012,0.01,7,3,50000,23969,0.47938,0.023367938144329897,0.0002446698939359282,0.1597933333,heterogeneous-sig-scalar
0.0070071644072703596,0.0233572146909012,0.3,7,3,50000,23870,0.4774,0.02271373195876289,0.006484915442724593,0.1591333333,heterogeneous-sig-scalar
0.014014328814540719,0.0233572146909012,0.6,7,3,50000,23256,0.46512,0.0243228843298969,0.011837112221483133,0.15504,heterogeneous-sig-scalar
0.02102149322181108,0.0233572146909012,0.9,7,3,50000,24327,0.48654,0.028202938041237115,0.01637212303536443,0.16218,heterogeneous-sig-scalar
0.0,0.0297635144163132,0.0,7,3,50000,24641,0.49282,0.0297635144163132,0.0,0.1642733333,heterogeneous-sig-scalar
0.000297635144163132,0.0297635144163132,0.01,7,3,50000,24799,0.49598,0.029765391752577322,0.000308887713782524,0.1653266667,heterogeneous-sig-scalar
0.00892905432489396,0.0297635144163132,0.3,7,3,50000,24953,0.49906,0.03184167010309279,0.008382593538234484,0.1663533333,heterogeneous-sig-scalar
0.01785810864978792,0.0297635144163132,0.6,7,3,50000,24747,0.49494,0.03371828969072165,0.015067473459710124,0.16498,heterogeneous-sig-scalar
0.02678716297468188,0.0297635144163132,0.9,7,3,50000,24851,0.49702,0.036366666288659796,0.0246091867965919,0.1656733333,heterogeneous-sig-scalar
0.0,0.0379269019073225,0.0,7,3,50000,24974,0.49948,0.0379269019073225,0.0,0.1664933333,heterogeneous-sig-scalar
0.000379269019073225,0.0379269019073225,0.01,7,3,50000,24950,0.499,0.037946103092783505,0.0004446734347795943,0.1663333333,heterogeneous-sig-scalar
0.01137807057219675,0.0379269019073225,0.3,7,3,50000,24944,0.49888,0.03770084536082474,0.010026639903755987,0.1662933333,heterogeneous-sig-scalar
0.0227561411443935,0.0379269019073225,0.6,7,3,50000,24930,0.4986,0.039836389690721646,0.018894916337336486,0.1662,heterogeneous-sig-scalar
0.03413421171659025,0.0379269019073225,0.9,7,3,50000,24976,0.49952,0.046458265463917514,0.026246473466564696,0.1665066667,heterogeneous-sig-scalar
0.0,0.0483293023857175,0.0,7,3,50000,25063,0.50126,0.04832930238571749,6.938893903907228e-18,0.1670866667,heterogeneous-sig-scalar
0.000483293023857175,0.0483293023857175,0.01,7,3,50000,24951,0.49902,0.04832922680412371,0.0004673529650282689,0.16634,heterogeneous-sig-scalar
0.014498790715715248,0.0483293023857175,0.3,7,3,50000,24757,0.49514,0.04833328000000001,0.014602316493780852,0.1650466667,heterogeneous-sig-scalar
0.028997581431430497,0.0483293023857175,0.6,7,3,50000,24982,0.49964,0.05178603443298968,0.02817601767467639,0.1665466667,heterogeneous-sig-scalar
0.043496372147145745,0.0483293023857175,0.9,7,3,50000,25057,0.50114,0.05914697779381443,0.03618935342481994,0.1670466667,heterogeneous-sig-scalar
0.0,0.0615848211066026,0.0,7,3,50000,25134,0.50268,0.061584821106602586,1.3877787807814457e-17,0.16756,heterogeneous-sig-scalar
0.000615848211066026,0.0615848211066026,0.01,7,3,50000,25088,0.50176,0.06152197938144329,0.0005783449899583522,0.1672533333,heterogeneous-sig-scalar
0.01847544633198078,0.0615848211066026,0.3,7,3,50000,25034,0.50068,0.05896694845360824,0.01706177953963767,0.1668933333,heterogeneous-sig-scalar
0.03695089266396156,0.0615848211066026,0.6,7,3,50000,24928,0.49856,0.06133596804123711,0.0314747366883299,0.1661866667,heterogeneous-sig-scalar
0.05542633899594234,0.0615848211066026,0.9,7,3,50000,25113,0.50226,0.08270105257731956,0.047251543841473585,0.16742,heterogeneous-sig-scalar
0.0,0.0784759970351461,0.0,7,3,50000,25024,0.50048,0.07847599703514609,1.3877787807814457e-17,0.1668266667,heterogeneous-sig-scalar
0.000784759970351461,0.0784759970351461,0.01,7,3,50000,25039,0.50078,0.07860713402061856,0.0007428423488428412,0.1669266667,heterogeneous-sig-scalar
0.02354279911054383,0.0784759970351461,0.3,7,3,50000,24946,0.49892,0.0794958144329897,0.024094810969507243,0.1663066667,heterogeneous-sig-scalar
0.04708559822108766,0.0784759970351461,0.6,7,3,50000,24993,0.49986,0.08431448453608249,0.041499246884760914,0.16662,heterogeneous-sig-scalar
0.0706283973316315,0.0784759970351461,0.9,7,3,50000,24872,0.49744,0.08599221855670103,0.053104130498416516,0.1658133333,heterogeneous-sig-scalar
0.0,0.1,0.0,7,3,50000,24854,0.49708,0.09999999999999999,1.3877787807814457e-17,0.1656933333,heterogeneous-sig-scalar
0.001,0.1,0.01,7,3,50000,24918,0.49836,0.09996831958762885,0.001027942360155418,0.16612,heterogeneous-sig-scalar
0.03,0.1,0.3,7,3,50000,24890,0.4978,0.09445984536082475,0.029590970608504994,0.1659333333,heterogeneous-sig-scalar
0.06,0.1,0.6,7,3,50000,24923,0.49846,0.10838430515463918,0.05275821009378808,0.1661533333,heterogeneous-sig-scalar
0.09000000000000001,0.1,0.9,7,3,50000,25077,0.50154,0.13252359587628865,0.07455415323100899,0.16718,heterogeneous-sig-scalar
0.0006,0.001,0.6,9,3,50000,1,2e-05,0.0010031489999999998,0.0004911087681653065,6.666666667e-06,heterogeneous-sig-scalar
0.000382282495710939,0.00127427498570313,0.3,9,3,50000,6,0.00012,0.00129754900621118,0.00037993860642533884,4e-05,heterogeneous-sig-scalar
1.27427498570313e-05,0.00127427498570313,0.01,9,3,50000,3,6e-05,0.0012746826086956521,1.2405030862929556e-05,2e-05,heterogeneous-sig-scalar
0.0003,0.001,0.3,9,3,50000,0,0.0,0.0009931870807453416,0.0003243922820777371,0.0,heterogeneous-sig-scalar
0.0,0.001,0.0,9,3,50000,0,0.0,0.0010000000000000002,2.168404344971009e-19,0.0,heterogeneous-sig-scalar
0.000764564991421878,0.00127427498570313,0.6,9,3,50000,6,0.00012,0.0013988963354037267,0.0007239678078286942,4e-05,heterogeneous-sig-scalar
0.0009000000000000001,0.001,0.9,9,3,50000,3,6e-05,0.001183797849689441,0.0007010966004162655,2e-05,heterogeneous-sig-scalar
0.0,0.00162377673918872,0.0,9,3,50000,19,0.00038,0.0016237767391887197,2.168404344971009e-19,0.0001266666667,heterogeneous-sig-scalar
1e-05,0.001,0.01,9,3,50000,4,8e-05,0.0010008498136645963,1.0231097126529688e-05,2.666666667e-05,heterogeneous-sig-scalar
0.001146847487132817,0.00127427498570313,0.9,9,3,50000,7,0.00014,0.0015706787366459626,0.0010183839496643772,4.666666667e-05,heterogeneous-sig-scalar
1.6237767391887198e-05,0.00162377673918872,0.01,9,3,50000,9,0.00018,0.0016229049689440995,1.7298959869792038e-05,6e-05,heterogeneous-sig-scalar
0.0,0.00127427498570313,0.0,9,3,50000,3,6e-05,0.00127427498570313,0.0,2e-05,heterogeneous-sig-scalar
0.000487133021756616,0.00162377673918872,0.3,9,3,50000,13,0.00026,0.0015984110559006213,0.00048393010474808627,8.666666667e-05,heterogeneous-sig-scalar
0.000974266043513232,0.00162377673918872,0.6,9,3,50000,9,0.00018,0.0016968390000000001,0.0008684952148091392,6e-05,heterogeneous-sig-scalar
0.001461399065269848,0.00162377673918872,0.9,9,3,50000,30,0.0006,0.0020940866149068323,0.0013020161932405484,0.0002,heterogeneous-sig-scalar
0.0,0.00206913808111479,0.0,9,3,50000,31,0.00062,0.0020691380811147897,4.336808689942018e-19,0.0002066666667,heterogeneous-sig-scalar
2.06913808111479e-05,0.00206913808111479,0.01,9,3,50000,31,0.00062,0.002068096894409938,1.870031528069905e-05,0.0002066666667,heterogeneous-sig-scalar
0.001241482848668874,0.00206913808111479,0.6,9,3,50000,31,0.00062,0.0021901251180124225,0.001190159043188022,0.0002066666667,heterogeneous-sig-scalar
0.000620741424334437,0.00206913808111479,0.3,9,3,50000,41,0.00082,0.002049526335403727,0.00061610417807934,0.0002733333333,heterogeneous-sig-scalar
0.0018622242730033111,0.00206913808111479,0.9,9,3,50000,64,0.00128,0.002589618310559006,0.0013958152209942165,0.0004266666667,heterogeneous-sig-scalar
0.0,0.00263665089873036,0.0,9,3,50000,71,0.00142,0.0026366508987303596,4.336808689942018e-19,0.0004733333333,heterogeneous-sig-scalar
2.63665089873036e-05,0.00263665089873036,0.01,9,3,50000,76,0.00152,0.0026363652173913045,2.5924381820572465e-05,0.0005066666667,heterogeneous-sig-scalar
0.000790995269619108,0.00263665089873036,0.3,9,3,50000,85,0.0017,0.002577283105590062,0.0008159083973415564,0.0005666666667,heterogeneous-sig-scalar
0.001581990539238216,0.00263665089873036,0.6,9,3,50000,96,0.00192,0.002877973950310559,0.001332762878545157,0.00064,heterogeneous-sig-scalar
0.002372985808857324,0.00263665089873036,0.9,9,3,50000,154,0.00308,0.002991987440993789,0.0016641768964177886,0.001026666667,heterogeneous-sig-scalar
0.0,0.00335981828628378,0.0,9,3,50000,223,0.00446,0.0033598182862837815,1.3010426069826053e-18,0.001486666667,heterogeneous-sig-scalar
3.35981828628378e-05,0.00335981828628378,0.01,9,3,50000,235,0.0047,0.003357319254658386,3.424965977167542e-05,0.001566666667,heterogeneous-sig-scalar
0.001007945485885134,0.00335981828628378,0.3,9,3,50000,232,0.00464,0.0034388590062111807,0.0010241755409558363,0.001546666667,heterogeneous-sig-scalar
0.002015890971770268,0.00335981828628378,0.6,9,3,50000,238,0.00476,0.003649311840372671,0.0018213700650083092,0.001586666667,heterogeneous-sig-scalar
0.003023836457655402,0.00335981828628378,0.9,9,3,50000,588,0.01176,0.004504154906832299,0.002674797024611579,0.00392,heterogeneous-sig-scalar
0.0,0.0042813323987194,0.0,9,3,50000,580,0.0116,0.004281332398719401,8.673617379884035e-19,0.003866666667,heterogeneous-sig-scalar
4.2813323987194e-05,0.0042813323987194,0.01,9,3,50000,575,0.0115,0.004284850310559006,4.1984126139883406e-05,0.003833333333,heterogeneous-sig-scalar
0.00128439971961582,0.0042813323987194,0.3,9,3,50000,503,0.01006,0.004255527329192547,0.0011747035406099015,0.003353333333,heterogeneous-sig-scalar
0.00256879943923164,0.0042813323987194,0.6,9,3,50000,541,0.01082,0.004321127360248447,0.002244663390271161,0.003606666667,heterogeneous-sig-scalar
0.0038531991588474602,0.0042813323987194,0.9,9,3,50000,905,0.0181,0.00516281701863354,0.0029064642804621376,0.006033333333,heterogeneous-sig-scalar
0.0,0.00545559478116852,0.0,9,3,50000,1431,0.02862,0.00545559478116852,0.0,0.00954,heterogeneous-sig-scalar
5.45559478116852e-05,0.00545559478116852,0.01,9,3,50000,1487,0.02974,0.005449278881987578,5.5643108997199926e-05,0.009913333333,heterogeneous-sig-scalar
0.0016366784343505559,0.00545559478116852,0.3,9,3,50000,1079,0.02158,0.005197206832298137,0.0016895892120869277,0.007193333333,heterogeneous-sig-scalar
0.0032733568687011117,0.00545559478116852,0.6,9,3,50000,1458,0.02916,0.005773516962732919,0.00297347424488867,0.00972,heterogeneous-sig-scalar
0.004910035303051668,0.00545559478116852,0.9,9,3,50000,2136,0.04272,0.006457613198757764,0.004182956259692181,0.01424,heterogeneous-sig-scalar
0.0,0.0069519279617756,0.0,9,3,50000,3139,0.06278,0.0069519279617756,0.0,0.02092666667,heterogeneous-sig-scalar
6.9519279617756e-05,0.0069519279617756,0.01,9,3,50000,3169,0.06338,0.006948377639751553,6.955702158353308e-05,0.02112666667,heterogeneous-sig-scalar
0.00208557838853268,0.0069519279617756,0.3,9,3,50000,2676,0.05352,0.006632941801242236,0.002116892272651067,0.01784,heterogeneous-sig-scalar
0.00417115677706536,0.0069519279617756,0.6,9,3,50000,3876,0.07752,0.007862745633540372,0.003869783700823921,0.02584,heterogeneous-sig-scalar
0.006256735165598041,0.0069519279617756,0.9,9,3,50000,5913,0.11826,0.00860898751552795,0.005087783997397609,0.03942,heterogeneous-sig-scalar
0.0,0.00885866790410082,0.0,9,3,50000,6539,0.13078,0.008858667904100821,1.734723475976807e-18,0.04359333333,heterogeneous-sig-scalar
8.858667904100819e-05,0.00885866790410082,0.01,9,3,50000,6703,0.13406,0.008860703726708075,8.43231656154083e-05,0.04468666667,heterogeneous-sig-scalar
0.0026576003712302457,0.00885866790410082,0.3,9,3,50000,6861,0.13722,0.009213359006211182,0.002729956900655672,0.04574,heterogeneous-sig-scalar
0.0053152007424604915,0.00885866790410082,0.6,9,3,50000,5431,0.10862,0.008692640434782607,0.004686588419613736,0.03620666667,heterogeneous-sig-scalar
0.007972801113690737,0.00885866790410082,0.9,9,3,50000,9156,0.18312,0.0107539290310559,0.006164703880271255,0.06104,heterogeneous-sig-scalar
0.0,0.0112883789168469,0.0,9,3,50000,11789,0.23578,0.011288378916846902,1.734723475976807e-18,0.07859333333,heterogeneous-sig-scalar
0.000112883789168469,0.0112883789168469,0.01,9,3,50000,11955,0.2391,0.011294391304347826,0.0001095860746193265,0.0797,heterogeneous-sig-scalar
0.0033865136750540702,0.0112883789168469,0.3,9,3,50000,12287,0.24574,0.011661177639751554,0.003521571059019486,0.08191333333,heterogeneous-sig-scalar
0.0067730273501081404,0.0112883789168469,0.6,9,3,50000,13651,0.27302,0.01287944844720497,0.006429382317444192,0.09100666667,heterogeneous-sig-scalar
0.01015954102516221,0.0112883789168469,0.9,9,3,50000,14750,0.295,0.013310644844720498,0.0070983926114256135,0.09833333333,heterogeneous-sig-scalar
0.0,0.0143844988828766,0.0,9,3,50000,17846,0.35692,0.0143844988828766,0.0,0.1189733333,heterogeneous-sig-scalar
0.000143844988828766,0.0143844988828766,0.01,9,3,50000,17771,0.35542,0.01439408695652174,0.00013843048309438008,0.1184733333,heterogeneous-sig-scalar
0.00431534966486298,0.0143844988828766,0.3,9,3,50000,18212,0.36424,0.015123891925465838,0.00436165581358112,0.1214133333,heterogeneous-sig-scalar
0.00863069932972596,0.0143844988828766,0.6,9,3,50000,16506,0.33012,0.0146260749068323,0.008450081816812999,0.11004,heterogeneous-sig-scalar
0.01294604899458894,0.0143844988828766,0.9,9,3,50000,20765,0.4153,0.018037409937888195,0.010514110049261218,0.1384333333,heterogeneous-sig-scalar
0.0,0.0183298071083244,0.0,9,3,50000,22277,0.44554,0.018329807108324405,3.469446951953614e-18,0.1485133333,heterogeneous-sig-scalar
0.00018329807108324403,0.0183298071083244,0.01,9,3,50000,22194,0.44388,0.018311074534161493,0.0001575401970905113,0.14796,heterogeneous-sig-scalar
0.00549894213249732,0.0183298071083244,0.3,9,3,50000,21969,0.43938,0.018284291925465837,0.005728609387606499,0.14646,heterogeneous-sig-scalar
0.01099788426499464,0.0183298071083244,0.6,9,3,50000,22273,0.44546,0.019704338198757766,0.009046176386577133,0.1484866667,heterogeneous-sig-scalar
0.016496826397491962,0.0183298071083244,0.9,9,3,50000,23119,0.46238,0.021593655279503104,0.01282471846720212,0.1541266667,heterogeneous-sig-scalar
0.0,0.0233572146909012,0.0,9,3,50000,24512,0.49024,0.023357214690901195,3.469446951953614e-18,0.1634133333,heterogeneous-sig-scalar
0.00023357214690901198,0.0233572146909012,0.01,9,3,50000,24461,0.48922,0.02334875155279503,0.00023006040338498799,0.1630733333,heterogeneous-sig-scalar
0.0070071644072703596,0.0233572146909012,0.3,9,3,50000,24118,0.48236,0.022824929192546584,0.006397999721551564,0.1607866667,heterogeneous-sig-scalar
0.014014328814540719,0.0233572146909012,0.6,9,3,50000,24373,0.48746,0.024869798322981366,0.012457256386713961,0.1624866667,heterogeneous-sig-scalar
0.02102149322181108,0.0233572146909012,0.9,9,3,50000,24681,0.49362,0.02804487221118012,0.015925672156839748,0.16454,heterogeneous-sig-scalar
0.0,0.0297635144163132,0.0,9,3,50000,24889,0.49778,0.0297635144163132,0.0,0.1659266667,heterogeneous-sig-scalar
0.000297635144163132,0.0297635144163132,0.01,9,3,50000,24912,0.49824,0.02976697515527951,0.00031994929626078395,0.16608,heterogeneous-sig-scalar
0.00892905432489396,0.0297635144163132,0.3,9,3,50000,24719,0.49438,0.02894564285714286,0.009080808778436176,0.1647933333,heterogeneous-sig-scalar
0.01785810864978792,0.0297635144163132,0.6,9,3,50000,24789,0.49578,0.031649567329192545,0.015938477152771552,0.16526,heterogeneous-sig-scalar
0.02678716297468188,0.0297635144163132,0.9,9,3,50000,25094,0.50188,0.03779969552795031,0.021492670077031355,0.1672933333,heterogeneous-sig-scalar
0.0,0.0379269019073225,0.0,9,3,50000,24804,0.49608,0.0379269019073225,0.0,0.16536,heterogeneous-sig-scalar
0.000379269019073225,0.0379269019073225,0.01,9,3,50000,25068,0.50136,0.03795157763975155,0.00038213160946647107,0.16712,heterogeneous-sig-scalar
0.01137807057219675,0.0379269019073225,0.3,9,3,50000,25078,0.50156,0.03779247826086956,0.01179652937859107,0.1671866667,heterogeneous-sig-scalar
0.0227561411443935,0.0379269019073225,0.6,9,3,50000,25008,0.50016,0.03821161211180124,0.022238040568055784,0.16672,heterogeneous-sig-scalar
0.03413421171659025,0.0379269019073225,0.9,9,3,50000,24825,0.4965,0.045288,0.02936299699318834,0.1655,heterogeneous-sig-scalar
0.0,0.0483293023857175,0.0,9,3,50000,25174,0.50348,0.04832930238571748,1.3877787807814457e-17,0.1678266667,heterogeneous-sig-scalar
0.000483293023857175,0.0483293023857175,0.01,9,3,50000,24832,0.49664,0.048348701863354035,0.0005090879781527289,0.1655466667,heterogeneous-sig-scalar
0.014498790715715248,0.0483293023857175,0.3,9,3,50000,24999,0.49998,0.04788176149068323,0.015148520910887153,0.16666,heterogeneous-sig-scalar
0.028997581431430497,0.0483293023857175,0.6,9,3,50000,24863,0.49726,0.05080666211180124,0.02794046246787312,0.1657533333,heterogeneous-sig-scalar
0.043496372147145745,0.0483293023857175,0.9,9,3,50000,25011,0.50022,0.05635913142857143,0.03845772636847205,0.16674,heterogeneous-sig-scalar
0.0,0.0615848211066026,0.0,9,3,50000,24986,0.49972,0.061584821106602586,1.3877787807814457e-17,0.1665733333,heterogeneous-sig-scalar
0.000615848211066026,0.0615848211066026,0.01,9,3,50000,24899,0.49798,0.061544354037267074,0.0005732877331394527,0.1659933333,heterogeneous-sig-scalar
0.01847544633198078,0.0615848211066026,0.3,9,3,50000,24810,0.4962,0.06319000621118014,0.019029602418793534,0.1654,heterogeneous-sig-scalar
0.03695089266396156,0.0615848211066026,0.6,9,3,50000,25084,0.50168,0.0664513304347826,0.03178960812603058,0.1672266667,heterogeneous-sig-scalar
0.05542633899594234,0.0615848211066026,0.9,9,3,50000,24981,0.49962,0.07626838447204969,0.04542638168238239,0.16654,heterogeneous-sig-scalar
0.0,0.0784759970351461,0.0,9,3,50000,24995,0.4999,0.07847599703514609,1.3877787807814457e-17,0.1666333333,heterogeneous-sig-scalar
0.000784759970351461,0.0784759970351461,0.01,9,3,50000,25174,0.50348,0.07848149068322981,0.0007996047246932117,0.1678266667,heterogeneous-sig-scalar
0.02354279911054383,0.0784759970351461,0.3,9,3,50000,24937,0.49874,0.07960198136645963,0.026619323375600818,0.1662466667,heterogeneous-sig-scalar
0.04708559822108766,0.0784759970351461,0.6,9,3,50000,24992,0.49984,0.08770500621118012,0.041962667851884,0.1666133333,heterogeneous-sig-scalar
0.0706283973316315,0.0784759970351461,0.9,9,3,50000,25081,0.50162,0.09654747826086955,0.056711001473469094,0.1672066667,heterogeneous-sig-scalar
0.0,0.1,0.0,9,3,50000,24842,0.49684,0.09999999999999999,1.3877787807814457e-17,0.1656133333,heterogeneous-sig-scalar
0.001,0.1,0.01,9,3,50000,24969,0.49938,0.1000469813664596,0.0009787134251643278,0.16646,heterogeneous-sig-scalar
0.03,0.1,0.3,9,3,50000,25112,0.50224,0.10145258757763975,0.03077460843887872,0.1674133333,heterogeneous-sig-scalar
0.06,0.1,0.6,9,3,50000,24786,0.49572,0.0982828801242236,0.050476504099795025,0.16524,heterogeneous-sig-scalar
0.09000000000000001,0.1,0.9,9,3,50000,24900,0.498,0.11515886145590061,0.0679574570788125,0.166,heterogeneous-sig-scalar
0.0,0.00127427498570313,0.0,11,3,50000,1,2e-05,0.0012742749857031293,6.505213034913027e-19,6.666666667e-06,heterogeneous-sig-scalar
0.0,0.001,0.0,11,3,50000,0,0.0,0.0010000000000000005,4.336808689942018e-19,0.0,heterogeneous-sig-scalar
0.0009000000000000001,0.001,0.9,11,3,50000,0,0.0,0.0011929659336099583,0.0007737561610510994,0.0,heterogeneous-sig-scalar
0.0006,0.001,0.6,11,3,50000,2,4e-05,0.001066098190871369,0.0005277080221433722,1.333333333e-05,heterogeneous-sig-scalar
0.000764564991421878,0.00127427498570313,0.6,11,3,50000,0,0.0,0.001291338199585062,0.0007013880910273961,0.0,heterogeneous-sig-scalar
1.6237767391887198e-05,0.00162377673918872,0.01,11,3,50000,4,8e-05,0.001623622406639004,1.6615352971696508e-05,2.666666667e-05,heterogeneous-sig-scalar
0.0,0.00162377673918872,0.0,11,3,50000,1,2e-05,0.0016237767391887202,2.168404344971009e-19,6.666666667e-06,heterogeneous-sig-scalar
0.000382282495710939,0.00127427498570313,0.3,11,3,50000,0,0.0,0.0013125939419087137,0.00037744809382232215,0.0,heterogeneous-sig-scalar
0.0003,0.001,0.3,11,3,50000,1,2e-05,0.0010175026556016598,0.00032196633931752663,6.666666667e-06,heterogeneous-sig-scalar
0.001146847487132817,0.00127427498570313,0.9,11,3,50000,1,2e-05,0.0015324696630705393,0.0008893785771468722,6.666666667e-06,heterogeneous-sig-scalar
1e-05,0.001,0.01,11,3,50000,0,0.0,0.001000378713692946,9.968662204440674e-06,0.0,heterogeneous-sig-scalar
1.27427498570313e-05,0.00127427498570313,0.01,11,3,50000,1,2e-05,0.0012749946058091286,1.232177221375915e-05,6.666666667e-06,heterogeneous-sig-scalar
0.000487133021756616,0.00162377673918872,0.3,11,3,50000,5,0.0001,0.0016171751037344397,0.00047001867975337473,3.333333333e-05,heterogeneous-sig-scalar
0.000974266043513232,0.00162377673918872,0.6,11,3,50000,3,6e-05,0.0016705634439834023,0.0008640748111152126,2e-05,heterogeneous-sig-scalar
0.001461399065269848,0.00162377673918872,0.9,11,3,50000,9,0.00018,0.002050739419087137,0.00115117000223013,6e-05,heterogeneous-sig-scalar
0.0,0.00206913808111479,0.0,11,3,50000,10,0.0002,0.00206913808111479,0.0,6.666666667e-05,heterogeneous-sig-scalar
2.06913808111479e-05,0.00206913808111479,0.01,11,3,50000,10,0.0002,0.00206928755186722,2.024770492148577e-05,6.666666667e-05,heterogeneous-sig-scalar
0.000620741424334437,0.00206913808111479,0.3,11,3,50000,9,0.00018,0.002029769058091286,0.0006330366241501479,6e-05,heterogeneous-sig-scalar
0.0018622242730033111,0.00206913808111479,0.9,11,3,50000,21,0.00042,0.0025581200497925313,0.0015109751327215158,0.00014,heterogeneous-sig-scalar
2.63665089873036e-05,0.00263665089873036,0.01,11,3,50000,28,0.00056,0.0026340132780082984,2.715037252523086e-05,0.0001866666667,heterogeneous-sig-scalar
0.001241482848668874,0.00206913808111479,0.6,11,3,50000,9,0.00018,0.002313609543568465,0.001084566195250375,6e-05,heterogeneous-sig-scalar
0.000790995269619108,0.00263665089873036,0.3,11,3,50000,23,0.00046,0.002607989668049792,0.0008012370784752421,0.0001533333333,heterogeneous-sig-scalar
0.0,0.00263665089873036,0.0,11,3,50000,29,0.00058,0.002636650898730359,8.673617379884035e-19,0.0001933333333,heterogeneous-sig-scalar
0.001581990539238216,0.00263665089873036,0.6,11,3,50000,38,0.00076,0.0027652061950207475,0.0014294572300984837,0.0002533333333,heterogeneous-sig-scalar
0.002372985808857324,0.00263665089873036,0.9,11,3,50000,40,0.0008,0.0029967039875518674,0.0018457465322210941,0.0002666666667,heterogeneous-sig-scalar
0.0,0.00335981828628378,0.0,11,3,50000,112,0.00224,0.003359818286283781,8.673617379884035e-19,0.0007466666667,heterogeneous-sig-scalar
3.35981828628378e-05,0.00335981828628378,0.01,11,3,50000,99,0.00198,0.0033569033195020746,3.20373095093699e-05,0.00066,heterogeneous-sig-scalar
0.001007945485885134,0.00335981828628378,0.3,11,3,50000,72,0.00144,0.003330793278008299,0.0009981178660600038,0.00048,heterogeneous-sig-scalar
0.002015890971770268,0.00335981828628378,0.6,11,3,50000,157,0.00314,0.0037831621991701245,0.0019142312865379472,0.001046666667,heterogeneous-sig-scalar
0.003023836457655402,0.00335981828628378,0.9,11,3,50000,222,0.00444,0.0039766325705394194,0.0024943386892298408,0.00148,heterogeneous-sig-scalar
0.0,0.0042813323987194,0.0,11,3,50000,292,0.00584,0.004281332398719402,1.734723475976807e-18,0.001946666667,heterogeneous-sig-scalar
0.00256879943923164,0.0042813323987194,0.6,11,3,50000,357,0.00714,0.004636632684647303,0.002456863141679012,0.00238,heterogeneous-sig-scalar
4.2813323987194e-05,0.0042813323987194,0.01,11,3,50000,290,0.0058,0.004279367219917013,4.5430722922018286e-05,0.001933333333,heterogeneous-sig-scalar
0.00128439971961582,0.0042813323987194,0.3,11,3,50000,325,0.0065,0.004383483402489627,0.001311182198748036,0.002166666667,heterogeneous-sig-scalar
0.0,0.00545559478116852,0.0,11,3,50000,939,0.01878,0.005455594781168522,1.734723475976807e-18,0.00626,heterogeneous-sig-scalar
0.0038531991588474602,0.0042813323987194,0.9,11,3,50000,619,0.01238,0.005109671917012447,0.0030624503415230694,0.004126666667,heterogeneous-sig-scalar
5.45559478116852e-05,0.00545559478116852,0.01,11,3,50000,958,0.01916,0.00545623692946058,5.184722615802441e-05,0.006386666667,heterogeneous-sig-scalar
0.0016366784343505559,0.00545559478116852,0.3,11,3,50000,855,0.0171,0.005433784232365145,0.001603398206559127,0.0057,heterogeneous-sig-scalar
0.0032733568687011117,0.00545559478116852,0.6,11,3,50000,973,0.01946,0.005786249087136929,0.0029426565379201686,0.006486666667,heterogeneous-sig-scalar
0.004910035303051668,0.00545559478116852,0.9,11,3,50000,2341,0.04682,0.007105278713692946,0.003935636405010819,0.01560666667,heterogeneous-sig-scalar
0.0,0.0069519279617756,0.0,11,3,50000,2625,0.0525,0.0069519279617756,0.0,0.0175,heterogeneous-sig-scalar
6.9519279617756e-05,0.0069519279617756,0.01,11,3,50000,2556,0.05112,0.006952602489626555,7.006387774564091e-05,0.01704,heterogeneous-sig-scalar
0.00208557838853268,0.0069519279617756,0.3,11,3,50000,2170,0.0434,0.006890809543568465,0.0021224960782901467,0.01446666667,heterogeneous-sig-scalar
0.00417115677706536,0.0069519279617756,0.6,11,3,50000,1886,0.03772,0.006942216825726141,0.0036547027277413573,0.01257333333,heterogeneous-sig-scalar
0.006256735165598041,0.0069519279617756,0.9,11,3,50000,3644,0.07288,0.008255137248547718,0.0050298460334611056,0.02429333333,heterogeneous-sig-scalar
0.0,0.00885866790410082,0.0,11,3,50000,6340,0.1268,0.008858667904100823,3.469446951953614e-18,0.04226666667,heterogeneous-sig-scalar
8.858667904100819e-05,0.00885866790410082,0.01,11,3,50000,6117,0.12234,0.008863053941908712,8.963269304714989e-05,0.04078,heterogeneous-sig-scalar
0.0026576003712302457,0.00885866790410082,0.3,11,3,50000,5886,0.11772,0.008853559336099586,0.0027655825405125665,0.03924,heterogeneous-sig-scalar
0.0053152007424604915,0.00885866790410082,0.6,11,3,50000,5786,0.11572,0.009111692725311203,0.004865321083871147,0.03857333333,heterogeneous-sig-scalar
0.007972801113690737,0.00885866790410082,0.9,11,3,50000,9567,0.19134,0.011014732406639005,0.0064893792285359905,0.06378,heterogeneous-sig-scalar
0.0,0.0112883789168469,0.0,11,3,50000,12010,0.2402,0.0112883789168469,0.0,0.08006666667,heterogeneous-sig-scalar
0.000112883789168469,0.0112883789168469,0.01,11,3,50000,11988,0.23976,0.011271659751037343,0.00010999174053459709,0.07992,heterogeneous-sig-scalar
0.0033865136750540702,0.0112883789168469,0.3,11,3,50000,11811,0.23622,0.011361643153526972,0.003138264246357132,0.07874,heterogeneous-sig-scalar
0.0067730273501081404,0.0112883789168469,0.6,11,3,50000,12459,0.24918,0.011783144107883817,0.006105286218519703,0.08306,heterogeneous-sig-scalar
0.01015954102516221,0.0112883789168469,0.9,11,3,50000,17377,0.34754,0.014358638962655601,0.008860521622096757,0.1158466667,heterogeneous-sig-scalar
0.0,0.0143844988828766,0.0,11,3,50000,18663,0.37326,0.0143844988828766,0.0,0.12442,heterogeneous-sig-scalar
0.000143844988828766,0.0143844988828766,0.01,11,3,50000,18573,0.37146,0.014373605809128632,0.00014199710054703371,0.12382,heterogeneous-sig-scalar
0.00431534966486298,0.0143844988828766,0.3,11,3,50000,18147,0.36294,0.014452341078838174,0.004449994166718783,0.12098,heterogeneous-sig-scalar
0.00863069932972596,0.0143844988828766,0.6,11,3,50000,17674,0.35348,0.014756116597510374,0.007803559152890949,0.1178266667,heterogeneous-sig-scalar
0.01294604899458894,0.0143844988828766,0.9,11,3,50000,20697,0.41394,0.017151285012448135,0.010487679985192132,0.13798,heterogeneous-sig-scalar
0.0,0.0183298071083244,0.0,11,3,50000,22886,0.45772,0.0183298071083244,0.0,0.1525733333,heterogeneous-sig-scalar
0.00018329807108324403,0.0183298071083244,0.01,11,3,50000,23074,0.46148,0.018322709543568464,0.0001773750471072697,0.1538266667,heterogeneous-sig-scalar
0.00549894213249732,0.0183298071083244,0.3,11,3,50000,22919,0.45838,0.018373813692946054,0.00545708126613927,0.1527933333,heterogeneous-sig-scalar
0.01099788426499464,0.0183298071083244,0.6,11,3,50000,23217,0.46434,0.01967103701244813,0.010141519655791902,0.15478,heterogeneous-sig-scalar
0.016496826397491962,0.0183298071083244,0.9,11,3,50000,24062,0.48124,0.022694285593360997,0.012859557310216924,0.1604133333,heterogeneous-sig-scalar
0.0,0.0233572146909012,0.0,11,3,50000,24662,0.49324,0.02335721469090119,6.938893903907228e-18,0.1644133333,heterogeneous-sig-scalar
0.00023357214690901198,0.0233572146909012,0.01,11,3,50000,24616,0.49232,0.023383854771784233,0.00023905836990151304,0.1641066667,heterogeneous-sig-scalar
0.0070071644072703596,0.0233572146909012,0.3,11,3,50000,24628,0.49256,0.02279768589211618,0.00722695826359779,0.1641866667,heterogeneous-sig-scalar
0.014014328814540719,0.0233572146909012,0.6,11,3,50000,24662,0.49324,0.02382276150207469,0.012661371658552996,0.1644133333,heterogeneous-sig-scalar
0.02102149322181108,0.0233572146909012,0.9,11,3,50000,24940,0.4988,0.028433117842323653,0.016969277802403933,0.1662666667,heterogeneous-sig-scalar
0.0,0.0297635144163132,0.0,11,3,50000,24819,0.49638,0.0297635144163132,0.0,0.16546,heterogeneous-sig-scalar
0.000297635144163132,0.0297635144163132,0.01,11,3,50000,25006,0.50012,0.029790315352697095,0.00029990348401244174,0.1667066667,heterogeneous-sig-scalar
0.00892905432489396,0.0297635144163132,0.3,11,3,50000,25053,0.50106,0.030002077593360994,0.008721828486878122,0.16702,heterogeneous-sig-scalar
0.01785810864978792,0.0297635144163132,0.6,11,3,50000,25089,0.50178,0.03353505265560166,0.016348101287769465,0.16726,heterogeneous-sig-scalar
0.02678716297468188,0.0297635144163132,0.9,11,3,50000,24984,0.49968,0.03687813394190871,0.023488319508453873,0.16656,heterogeneous-sig-scalar
0.0,0.0379269019073225,0.0,11,3,50000,25022,0.50044,0.0379269019073225,0.0,0.1668133333,heterogeneous-sig-scalar
0.000379269019073225,0.0379269019073225,0.01,11,3,50000,24771,0.49542,0.037926091286307057,0.0003799466548694411,0.16514,heterogeneous-sig-scalar
0.01137807057219675,0.0379269019073225,0.3,11,3,50000,24818,0.49636,0.03771336721991702,0.010622766020991251,0.1654533333,heterogeneous-sig-scalar
0.0227561411443935,0.0379269019073225,0.6,11,3,50000,25010,0.5002,0.04049992751037345,0.02037224047850922,0.1667333333,heterogeneous-sig-scalar
0.03413421171659025,0.0379269019073225,0.9,11,3,50000,25178,0.50356,0.040344601618257266,0.02455412029388676,0.1678533333,heterogeneous-sig-scalar
0.0,0.0483293023857175,0.0,11,3,50000,24877,0.49754,0.048329302385717504,6.938893903907228e-18,0.1658466667,heterogeneous-sig-scalar
0.000483293023857175,0.0483293023857175,0.01,11,3,50000,24840,0.4968,0.04832332365145228,0.0004391496628372489,0.1656,heterogeneous-sig-scalar
0.014498790715715248,0.0483293023857175,0.3,11,3,50000,24995,0.4999,0.04748326141078839,0.013610116061122498,0.1666333333,heterogeneous-sig-scalar
0.028997581431430497,0.0483293023857175,0.6,11,3,50000,24871,0.49742,0.05566945017427386,0.02761306037589229,0.1658066667,heterogeneous-sig-scalar
0.043496372147145745,0.0483293023857175,0.9,11,3,50000,25095,0.5019,0.05874773153526971,0.03487114771155846,0.1673,heterogeneous-sig-scalar
0.0,0.0615848211066026,0.0,11,3,50000,25106,0.50212,0.06158482110660258,2.0816681711721685e-17,0.1673733333,heterogeneous-sig-scalar
0.000615848211066026,0.0615848211066026,0.01,11,3,50000,25009,0.50018,0.06157588381742739,0.0005826340842485663,0.1667266667,heterogeneous-sig-scalar
0.01847544633198078,0.0615848211066026,0.3,11,3,50000,24967,0.49934,0.06088543402489627,0.01834771310644334,0.1664466667,heterogeneous-sig-scalar
0.05542633899594234,0.0615848211066026,0.9,11,3,50000,25042,0.50084,0.07346322780082988,0.043177901333716594,0.1669466667,heterogeneous-sig-scalar
0.03695089266396156,0.0615848211066026,0.6,11,3,50000,25172,0.50344,0.06709772643153526,0.03417464969028899,0.1678133333,heterogeneous-sig-scalar
0.0,0.0784759970351461,0.0,11,3,50000,25061,0.50122,0.07847599703514609,1.3877787807814457e-17,0.1670733333,heterogeneous-sig-scalar
0.000784759970351461,0.0784759970351461,0.01,11,3,50000,24863,0.49726,0.07851126141078837,0.0007893875049107461,0.1657533333,heterogeneous-sig-scalar
0.02354279911054383,0.0784759970351461,0.3,11,3,50000,24922,0.49844,0.07822669709543567,0.02359890833125382,0.1661466667,heterogeneous-sig-scalar
0.04708559822108766,0.0784759970351461,0.6,11,3,50000,25035,0.5007,0.08036361825726142,0.03979262186170483,0.1669,heterogeneous-sig-scalar
0.0706283973316315,0.0784759970351461,0.9,11,3,50000,24760,0.4952,0.0915759937759336,0.05580500627230011,0.1650666667,heterogeneous-sig-scalar
0.0,0.1,0.0,11,3,50000,25191,0.50382,0.1,0.0,0.16794,heterogeneous-sig-scalar
0.001,0.1,0.01,11,3,50000,25015,0.5003,0.09995958921161825,0.0010188759006682063,0.1667666667,heterogeneous-sig-scalar
0.03,0.1,0.3,11,3,50000,25090,0.5018,0.10033884564315353,0.03288648607684693,0.1672666667,heterogeneous-sig-scalar
0.06,0.1,0.6,11,3,50000,24882,0.49764,0.10720543402489627,0.05320700305447357,0.16588,heterogeneous-sig-scalar
0.09000000000000001,0.1,0.9,11,3,50000,25131,0.50262,0.12021283838174272,0.07205318099634048,0.16754,heterogeneous-sig-scalar
1.6237767391887198e-05,0.00162377673918872,0.01,13,3,50000,0,0.0,0.0016244094955489613,1.5485048749047132e-05,0.0,heterogeneous-sig-scalar
0.0003,0.001,0.3,13,3,50000,0,0.0,0.0010058487240356083,0.0002885330207031032,0.0,heterogeneous-sig-scalar
0.0,0.00162377673918872,0.0,13,3,50000,0,0.0,0.0016237767391887197,2.168404344971009e-19,0.0,heterogeneous-sig-scalar
0.001146847487132817,0.00127427498570313,0.9,13,3,50000,0,0.0,0.0014957845412462908,0.0009418658164111516,0.0,heterogeneous-sig-scalar
0.0,0.00127427498570313,0.0,13,3,50000,0,0.0,0.0012742749857031297,2.168404344971009e-19,0.0,heterogeneous-sig-scalar
0.000382282495710939,0.00127427498570313,0.3,13,3,50000,0,0.0,0.0012666013353115726,0.00036404279101733184,0.0,heterogeneous-sig-scalar
0.000764564991421878,0.00127427498570313,0.6,13,3,50000,0,0.0,0.0013945125964391692,0.0007210421703191124,0.0,heterogeneous-sig-scalar
0.0006,0.001,0.6,13,3,50000,0,0.0,0.001070107540949555,0.0005273615241134454,0.0,heterogeneous-sig-scalar
0.0009000000000000001,0.001,0.9,13,3,50000,0,0.0,0.0012264056735905044,0.000711402887470617,0.0,heterogeneous-sig-scalar
1e-05,0.001,0.01,13,3,50000,0,0.0,0.0010001405044510387,1.0372282170814146e-05,0.0,heterogeneous-sig-scalar
1.27427498570313e-05,0.00127427498570313,0.01,13,3,50000,0,0.0,0.0012745762611275965,1.228131074991455e-05,0.0,heterogeneous-sig-scalar
0.0,0.001,0.0,13,3,50000,0,0.0,0.0010000000000000002,2.168404344971009e-19,0.0,heterogeneous-sig-scalar
0.000487133021756616,0.00162377673918872,0.3,13,3,50000,0,0.0,0.0016302895252225517,0.000487228762395461,0.0,heterogeneous-sig-scalar
0.000974266043513232,0.00162377673918872,0.6,13,3,50000,1,2e-05,0.001782579350445104,0.0009023894708887146,6.666666667e-06,heterogeneous-sig-scalar
0.0,0.00206913808111479,0.0,13,3,50000,3,6e-05,0.00206913808111479,0.0,2e-05,heterogeneous-sig-scalar
0.001461399065269848,0.00162377673918872,0.9,13,3,50000,2,4e-05,0.0020852250893175074,0.0011771600287683655,1.333333333e-05,heterogeneous-sig-scalar
2.06913808111479e-05,0.00206913808111479,0.01,13,3,50000,1,2e-05,0.002069806231454006,1.9060879889918068e-05,6.666666667e-06,heterogeneous-sig-scalar
0.000620741424334437,0.00206913808111479,0.3,13,3,50000,1,2e-05,0.0020867330860534126,0.000612357466834127,6.666666667e-06,heterogeneous-sig-scalar
0.001241482848668874,0.00206913808111479,0.6,13,3,50000,4,8e-05,0.0021998268937685464,0.001103159924294078,2.666666667e-05,heterogeneous-sig-scalar
0.0018622242730033111,0.00206913808111479,0.9,13,3,50000,6,0.00012,0.002463143118694362,0.0014354450046237136,4e-05,heterogeneous-sig-scalar
0.0,0.00263665089873036,0.0,13,3,50000,15,0.0003,0.0026366508987303596,4.336808689942018e-19,0.0001,heterogeneous-sig-scalar
2.63665089873036e-05,0.00263665089873036,0.01,13,3,50000,9,0.00018,0.002634278931750742,2.5611829635082095e-05,6e-05,heterogeneous-sig-scalar
0.000790995269619108,0.00263665089873036,0.3,13,3,50000,10,0.0002,0.002656846350148368,0.0007999846464621092,6.666666667e-05,heterogeneous-sig-scalar
0.001581990539238216,0.00263665089873036,0.6,13,3,50000,13,0.00026,0.0028660299388724034,0.0014926075098306095,8.666666667e-05,heterogeneous-sig-scalar
0.002372985808857324,0.00263665089873036,0.9,13,3,50000,48,0.00096,0.003392898771513353,0.0020360720163200793,0.00032,heterogeneous-sig-scalar
0.0,0.00335981828628378,0.0,13,3,50000,39,0.00078,0.0033598182862837806,4.336808689942018e-19,0.00026,heterogeneous-sig-scalar
3.35981828628378e-05,0.00335981828628378,0.01,13,3,50000,42,0.00084,0.003359179525222552,3.53108497345136e-05,0.00028,heterogeneous-sig-scalar
0.001007945485885134,0.00335981828628378,0.3,13,3,50000,36,0.00072,0.0033003098219584566,0.0009725654461192478,0.00024,heterogeneous-sig-scalar
0.002015890971770268,0.00335981828628378,0.6,13,3,50000,53,0.00106,0.0036326988130563798,0.0018307745509779142,0.0003533333333,heterogeneous-sig-scalar
0.003023836457655402,0.00335981828628378,0.9,13,3,50000,60,0.0012,0.003796058305637982,0.0022742259528676775,0.0004,heterogeneous-sig-scalar
0.0,0.0042813323987194,0.0,13,3,50000,159,0.00318,0.004281332398719401,8.673617379884035e-19,0.00106,heterogeneous-sig-scalar
4.2813323987194e-05,0.0042813323987194,0.01,13,3,50000,168,0.00336,0.004283340949554897,4.110802498044279e-05,0.00112,heterogeneous-sig-scalar
0.00128439971961582,0.0042813323987194,0.3,13,3,50000,158,0.00316,0.004230452848664689,0.0012571250684068039,0.001053333333,heterogeneous-sig-scalar
0.00256879943923164,0.0042813323987194,0.6,13,3,50000,235,0.0047,0.004709718080118694,0.002216778187493901,0.001566666667,heterogeneous-sig-scalar
0.0038531991588474602,0.0042813323987194,0.9,13,3,50000,509,0.01018,0.0053414607240356085,0.0032408089761193563,0.003393333333,heterogeneous-sig-scalar
0.0,0.00545559478116852,0.0,13,3,50000,665,0.0133,0.00545559478116852,0.0,0.004433333333,heterogeneous-sig-scalar
5.45559478116852e-05,0.00545559478116852,0.01,13,3,50000,669,0.01338,0.005455685756676557,5.26998215536494e-05,0.00446,heterogeneous-sig-scalar
0.0016366784343505559,0.00545559478116852,0.3,13,3,50000,551,0.01102,0.005290037685459941,0.0015995894736982224,0.003673333333,heterogeneous-sig-scalar
0.0032733568687011117,0.00545559478116852,0.6,13,3,50000,641,0.01282,0.005743816824925816,0.003141359041312142,0.004273333333,heterogeneous-sig-scalar
0.004910035303051668,0.00545559478116852,0.9,13,3,50000,1688,0.03376,0.007059625789317508,0.004090566811045451,0.01125333333,heterogeneous-sig-scalar
0.0,0.0069519279617756,0.0,13,3,50000,2163,0.04326,0.006951927961775599,8.673617379884035e-19,0.01442,heterogeneous-sig-scalar
6.9519279617756e-05,0.0069519279617756,0.01,13,3,50000,2134,0.04268,0.006950182195845697,7.432246832052481e-05,0.01422666667,heterogeneous-sig-scalar
0.00208557838853268,0.0069519279617756,0.3,13,3,50000,1982,0.03964,0.007021262314540059,0.0021126630101778827,0.01321333333,heterogeneous-sig-scalar
0.00417115677706536,0.0069519279617756,0.6,13,3,50000,2259,0.04518,0.007231969036795253,0.003699681810668727,0.01506,heterogeneous-sig-scalar
0.006256735165598041,0.0069519279617756,0.9,13,3,50000,4686,0.09372,0.008767840100890208,0.005044690375294957,0.03124,heterogeneous-sig-scalar
0.0,0.00885866790410082,0.0,13,3,50000,5845,0.1169,0.008858667904100821,1.734723475976807e-18,0.03896666667,heterogeneous-sig-scalar
8.858667904100819e-05,0.00885866790410082,0.01,13,3,50000,5598,0.11196,0.00886180652818991,9.154576202599351e-05,0.03732,heterogeneous-sig-scalar
0.0026576003712302457,0.00885866790410082,0.3,13,3,50000,4859,0.09718,0.008661813649851632,0.002635252250425851,0.03239333333,heterogeneous-sig-scalar
0.0053152007424604915,0.00885866790410082,0.6,13,3,50000,7280,0.1456,0.009886342617804153,0.0049618771512052505,0.04853333333,heterogeneous-sig-scalar
0.007972801113690737,0.00885866790410082,0.9,13,3,50000,9163,0.18326,0.01054767128486647,0.006325486400109793,0.06108666667,heterogeneous-sig-scalar
0.0,0.0112883789168469,0.0,13,3,50000,12377,0.24754,0.011288378916846904,3.469446951953614e-18,0.08251333333,heterogeneous-sig-scalar
0.000112883789168469,0.0112883789168469,0.01,13,3,50000,12427,0.24854,0.011293632047477745,0.00011740038234241884,0.08284666667,heterogeneous-sig-scalar
0.0033865136750540702,0.0112883789168469,0.3,13,3,50000,12703,0.25406,0.011336837091988131,0.0034160924310137632,0.08468666667,heterogeneous-sig-scalar
0.0067730273501081404,0.0112883789168469,0.6,13,3,50000,12124,0.24248,0.011737403560830861,0.006075965153144323,0.08082666667,heterogeneous-sig-scalar
0.01015954102516221,0.0112883789168469,0.9,13,3,50000,17821,0.35642,0.014436927507418398,0.008098228350252184,0.1188066667,heterogeneous-sig-scalar
0.0,0.0143844988828766,0.0,13,3,50000,19390,0.3878,0.0143844988828766,0.0,0.1292666667,heterogeneous-sig-scalar
0.000143844988828766,0.0143844988828766,0.01,13,3,50000,19558,0.39116,0.014388519287833827,0.0001312563139600871,0.1303866667,heterogeneous-sig-scalar
0.00431534966486298,0.0143844988828766,0.3,13,3,50000,18841,0.37682,0.014207513353115726,0.004413390238252629,0.1256066667,heterogeneous-sig-scalar
0.00863069932972596,0.0143844988828766,0.6,13,3,50000,19340,0.3868,0.01506388940652819,0.0078627308373866,0.1289333333,heterogeneous-sig-scalar
0.01294604899458894,0.0143844988828766,0.9,13,3,50000,20924,0.41848,0.016642129979228485,0.009690529689815132,0.1394933333,heterogeneous-sig-scalar
0.0,0.0183298071083244,0.0,13,3,50000,23821,0.47642,0.018329807108324405,3.469446951953614e-18,0.1588066667,heterogeneous-sig-scalar
0.00018329807108324403,0.0183298071083244,0.01,13,3,50000,23670,0.4734,0.018317373887240355,0.00018233753298576368,0.1578,heterogeneous-sig-scalar
0.00549894213249732,0.0183298071083244,0.3,13,3,50000,23694,0.47388,0.018590521958456976,0.005156871976304299,0.15796,heterogeneous-sig-scalar
0.01099788426499464,0.0183298071083244,0.6,13,3,50000,23666,0.47332,0.018937227774480713,0.009716058853057175,0.1577733333,heterogeneous-sig-scalar
0.016496826397491962,0.0183298071083244,0.9,13,3,50000,24467,0.48934,0.02309101759643917,0.012859415322512594,0.1631133333,heterogeneous-sig-scalar
0.0,0.0233572146909012,0.0,13,3,50000,24712,0.49424,0.023357214690901195,3.469446951953614e-18,0.1647466667,heterogeneous-sig-scalar
0.00023357214690901198,0.0233572146909012,0.01,13,3,50000,24726,0.49452,0.023336362017804153,0.0002422488471756806,0.16484,heterogeneous-sig-scalar
0.0070071644072703596,0.0233572146909012,0.3,13,3,50000,24962,0.49924,0.023408424925816025,0.007023309220946245,0.1664133333,heterogeneous-sig-scalar
0.014014328814540719,0.0233572146909012,0.6,13,3,50000,24639,0.49278,0.024778168465875376,0.012854896295177028,0.16426,heterogeneous-sig-scalar
0.02102149322181108,0.0233572146909012,0.9,13,3,50000,25047,0.50094,0.028709003866468845,0.01705041422501153,0.16698,heterogeneous-sig-scalar
0.0,0.0297635144163132,0.0,13,3,50000,24951,0.49902,0.0297635144163132,0.0,0.16634,heterogeneous-sig-scalar
0.000297635144163132,0.0297635144163132,0.01,13,3,50000,25047,0.50094,0.029785560830860536,0.00031072047511977204,0.16698,heterogeneous-sig-scalar
0.00892905432489396,0.0297635144163132,0.3,13,3,50000,24910,0.4982,0.02954394896142433,0.00885588178708207,0.1660666667,heterogeneous-sig-scalar
0.01785810864978792,0.0297635144163132,0.6,13,3,50000,24755,0.4951,0.03351925334718101,0.015511179506593446,0.1650333333,heterogeneous-sig-scalar
0.02678716297468188,0.0297635144163132,0.9,13,3,50000,24960,0.4992,0.03592546988130564,0.021867452104770167,0.1664,heterogeneous-sig-scalar
0.0,0.0379269019073225,0.0,13,3,50000,24982,0.49964,0.0379269019073225,0.0,0.1665466667,heterogeneous-sig-scalar
0.000379269019073225,0.0379269019073225,0.01,13,3,50000,25030,0.5006,0.037972477744807116,0.0004046962962947358,0.1668666667,heterogeneous-sig-scalar
0.01137807057219675,0.0379269019073225,0.3,13,3,50000,24978,0.49956,0.03842631988130563,0.010916730544022403,0.16652,heterogeneous-sig-scalar
0.0227561411443935,0.0379269019073225,0.6,13,3,50000,24882,0.49764,0.03980828267062315,0.019961299409787366,0.16588,heterogeneous-sig-scalar
0.03413421171659025,0.0379269019073225,0.9,13,3,50000,24874,0.49748,0.04324026869436202,0.025095836799938757,0.1658266667,heterogeneous-sig-scalar
0.0,0.0483293023857175,0.0,13,3,50000,25012,0.50024,0.0483293023857175,0.0,0.1667466667,heterogeneous-sig-scalar
0.000483293023857175,0.0483293023857175,0.01,13,3,50000,25088,0.50176,0.048342896142433235,0.00046897246527900424,0.1672533333,heterogeneous-sig-scalar
0.014498790715715248,0.0483293023857175,0.3,13,3,50000,25042,0.50084,0.047476302670623145,0.014968929727633293,0.1669466667,heterogeneous-sig-scalar
0.028997581431430497,0.0483293023857175,0.6,13,3,50000,24964,0.49928,0.05338572818991097,0.027907752409551463,0.1664266667,heterogeneous-sig-scalar
0.043496372147145745,0.0483293023857175,0.9,13,3,50000,24764,0.49528,0.059080471691394666,0.03580152522981107,0.1650933333,heterogeneous-sig-scalar
0.0,0.0615848211066026,0.0,13,3,50000,25115,0.5023,0.061584821106602586,1.3877787807814457e-17,0.1674333333,heterogeneous-sig-scalar
0.000615848211066026,0.0615848211066026,0.01,13,3,50000,24964,0.49928,0.061617718100890215,0.0005958369328123411,0.1664266667,heterogeneous-sig-scalar
0.01847544633198078,0.0615848211066026,0.3,13,3,50000,24961,0.49922,0.06049549643916914,0.019809821440959968,0.1664066667,heterogeneous-sig-scalar
0.03695089266396156,0.0615848211066026,0.6,13,3,50000,25092,0.50184,0.0692884003264095,0.032184996886001356,0.16728,heterogeneous-sig-scalar
0.05542633899594234,0.0615848211066026,0.9,13,3,50000,24847,0.49694,0.07705425044510385,0.045299772691087765,0.1656466667,heterogeneous-sig-scalar
0.0,0.0784759970351461,0.0,13,3,50000,25023,0.50046,0.07847599703514609,1.3877787807814457e-17,0.16682,heterogeneous-sig-scalar
0.000784759970351461,0.0784759970351461,0.01,13,3,50000,25111,0.50222,0.07850292581602374,0.0007941356108272557,0.1674066667,heterogeneous-sig-scalar
0.02354279911054383,0.0784759970351461,0.3,13,3,50000,25015,0.5003,0.08077120178041543,0.024422396527677838,0.1667666667,heterogeneous-sig-scalar
0.04708559822108766,0.0784759970351461,0.6,13,3,50000,25091,0.50182,0.08453681513353116,0.04057853546704082,0.1672733333,heterogeneous-sig-scalar
0.0706283973316315,0.0784759970351461,0.9,13,3,50000,25101,0.50202,0.09521618454005935,0.05803766911675921,0.16734,heterogeneous-sig-scalar
0.0,0.1,0.0,13,3,50000,25121,0.50242,0.09999999999999999,1.3877787807814457e-17,0.1674733333,heterogeneous-sig-scalar
0.001,0.1,0.01,13,3,50000,24918,0.49836,0.10000646884272997,0.0010928569722469948,0.16612,heterogeneous-sig-scalar
0.03,0.1,0.3,13,3,50000,24838,0.49676,0.09873017507418398,0.02910870398369358,0.1655866667,heterogeneous-sig-scalar
0.06,0.1,0.6,13,3,50000,24976,0.49952,0.10674078459940652,0.054370806253093935,0.1665066667,heterogeneous-sig-scalar
0.09000000000000001,0.1,0.9,13,3,50000,24864,0.49728,0.1282570072106825,0.07402596859940432,0.16576,heterogeneous-sig-scalar
0.0,0.00162377673918872,0.0,15,3,50000,0,0.0,0.00162377673918872,0.0,0.0,heterogeneous-sig-scalar
1.27427498570313e-05,0.00127427498570313,0.01,15,3,50000,0,0.0,0.0012749681514476615,1.3014803509516289e-05,0.0,heterogeneous-sig-scalar
0.0,0.001,0.0,15,3,50000,0,0.0,0.0010000000000000005,4.336808689942018e-19,0.0,heterogeneous-sig-scalar
0.0,0.00127427498570313,0.0,15,3,50000,0,0.0,0.0012742749857031295,4.336808689942018e-19,0.0,heterogeneous-sig-scalar
1e-05,0.001,0.01,15,3,50000,0,0.0,0.0009999332739420938,1.007763404721286e-05,0.0,heterogeneous-sig-scalar
0.0009000000000000001,0.001,0.9,15,3,50000,0,0.0,0.0011825890233853006,0.0007149373194824187,0.0,heterogeneous-sig-scalar
0.000764564991421878,0.00127427498570313,0.6,15,3,50000,0,0.0,0.001357080841870824,0.0006763556685921534,0.0,heterogeneous-sig-scalar
0.0003,0.001,0.3,15,3,50000,0,0.0,0.0010059328953229399,0.00030421616698837024,0.0,heterogeneous-sig-scalar
0.001146847487132817,0.00127427498570313,0.9,15,3,50000,0,0.0,0.0015414899726057907,0.0009305174392682662,0.0,heterogeneous-sig-scalar
0.0006,0.001,0.6,15,3,50000,0,0.0,0.0010539476118040089,0.0005694313243276365,0.0,heterogeneous-sig-scalar
0.000382282495710939,0.00127427498570313,0.3,15,3,50000,0,0.0,0.0012758871269487751,0.0003898318135368385,0.0,heterogeneous-sig-scalar
1.6237767391887198e-05,0.00162377673918872,0.01,15,3,50000,0,0.0,0.0016245133630289534,1.6118816890673754e-05,0.0,heterogeneous-sig-scalar
0.000487133021756616,0.00162377673918872,0.3,15,3,50000,1,2e-05,0.0016379253452115815,0.0005059286739753869,6.666666667e-06,heterogeneous-sig-scalar
0.000974266043513232,0.00162377673918872,0.6,15,3,50000,0,0.0,0.0017888654988864141,0.0008887246279820765,0.0,heterogeneous-sig-scalar
0.0,0.00206913808111479,0.0,15,3,50000,0,0.0,0.00206913808111479,0.0,0.0,heterogeneous-sig-scalar
0.001461399065269848,0.00162377673918872,0.9,15,3,50000,1,2e-05,0.0019838988218262806,0.0011878490835094573,6.666666667e-06,heterogeneous-sig-scalar
0.000620741424334437,0.00206913808111479,0.3,15,3,50000,2,4e-05,0.002084528530066815,0.0006089690663093406,1.333333333e-05,heterogeneous-sig-scalar
2.06913808111479e-05,0.00206913808111479,0.01,15,3,50000,0,0.0,0.0020687075723830736,2.139065707077727e-05,0.0,heterogeneous-sig-scalar
0.0,0.00263665089873036,0.0,15,3,50000,1,2e-05,0.002636650898730359,8.673617379884035e-19,6.666666667e-06,heterogeneous-sig-scalar
0.001241482848668874,0.00206913808111479,0.6,15,3,50000,1,2e-05,0.002263006440979956,0.001096804863557662,6.666666667e-06,heterogeneous-sig-scalar
2.63665089873036e-05,0.00263665089873036,0.01,15,3,50000,5,0.0001,0.0026353832962138085,2.6672098845816164e-05,3.333333333e-05,heterogeneous-sig-scalar
0.0018622242730033111,0.00206913808111479,0.9,15,3,50000,3,6e-05,0.0026413871922049,0.0015094858694227483,2e-05,heterogeneous-sig-scalar
0.000790995269619108,0.00263665089873036,0.3,15,3,50000,4,8e-05,0.0025966362694877505,0.000807116377710654,2.666666667e-05,heterogeneous-sig-scalar
0.001581990539238216,0.00263665089873036,0.6,15,3,50000,5,0.0001,0.0028878027222717147,0.0014829630954896087,3.333333333e-05,heterogeneous-sig-scalar
0.002372985808857324,0.00263665089873036,0.9,15,3,50000,16,0.00032,0.0032985512383073494,0.0018720787320645454,0.0001066666667,heterogeneous-sig-scalar
3.35981828628378e-05,0.00335981828628378,0.01,15,3,50000,17,0.00034,0.0033612755011135855,3.3537062253135875e-05,0.0001133333333,heterogeneous-sig-scalar
0.0,0.00335981828628378,0.0,15,3,50000,29,0.00058,0.003359818286283782,1.734723475976807e-18,0.0001933333333,heterogeneous-sig-scalar
0.001007945485885134,0.00335981828628378,0.3,15,3,50000,17,0.00034,0.0033940557461024498,0.0010128007497828713,0.0001133333333,heterogeneous-sig-scalar
0.002015890971770268,0.00335981828628378,0.6,15,3,50000,15,0.0003,0.003542800857683742,0.0018598749136538326,0.0001,heterogeneous-sig-scalar
0.003023836457655402,0.00335981828628378,0.9,15,3,50000,65,0.0013,0.004283085033407572,0.0025181715329491753,0.0004333333333,heterogeneous-sig-scalar
0.0,0.0042813323987194,0.0,15,3,50000,110,0.0022,0.004281332398719402,1.734723475976807e-18,0.0007333333333,heterogeneous-sig-scalar
4.2813323987194e-05,0.0042813323987194,0.01,15,3,50000,102,0.00204,0.0042810919821826285,4.165881066317793e-05,0.00068,heterogeneous-sig-scalar
0.00128439971961582,0.0042813323987194,0.3,15,3,50000,103,0.00206,0.004222941091314031,0.0013183745627731922,0.0006866666667,heterogeneous-sig-scalar
0.00256879943923164,0.0042813323987194,0.6,15,3,50000,111,0.00222,0.0045026010890868605,0.0024053851482853422,0.00074,heterogeneous-sig-scalar
0.0038531991588474602,0.0042813323987194,0.9,15,3,50000,331,0.00662,0.005487674026726058,0.0031745575311783857,0.002206666667,heterogeneous-sig-scalar
0.0,0.00545559478116852,0.0,15,3,50000,461,0.00922,0.005455594781168522,1.734723475976807e-18,0.003073333333,heterogeneous-sig-scalar
5.45559478116852e-05,0.00545559478116852,0.01,15,3,50000,461,0.00922,0.005453306681514477,5.449142880140315e-05,0.003073333333,heterogeneous-sig-scalar
0.0016366784343505559,0.00545559478116852,0.3,15,3,50000,515,0.0103,0.005609196881959911,0.0015710521838706124,0.003433333333,heterogeneous-sig-scalar
0.0032733568687011117,0.00545559478116852,0.6,15,3,50000,463,0.00926,0.0057093461937639195,0.0030622738641022658,0.003086666667,heterogeneous-sig-scalar
0.004910035303051668,0.00545559478116852,0.9,15,3,50000,844,0.01688,0.006522762363028954,0.0039409097218137505,0.005626666667,heterogeneous-sig-scalar
0.0,0.0069519279617756,0.0,15,3,50000,1773,0.03546,0.0069519279617756,0.0,0.01182,heterogeneous-sig-scalar
6.9519279617756e-05,0.0069519279617756,0.01,15,3,50000,1823,0.03646,0.006951571269487751,6.473505054614891e-05,0.01215333333,heterogeneous-sig-scalar
0.00208557838853268,0.0069519279617756,0.3,15,3,50000,1663,0.03326,0.006919930289532294,0.0019851465010133794,0.01108666667,heterogeneous-sig-scalar
0.00417115677706536,0.0069519279617756,0.6,15,3,50000,1618,0.03236,0.007127251113585746,0.0036992543537907392,0.01078666667,heterogeneous-sig-scalar
0.006256735165598041,0.0069519279617756,0.9,15,3,50000,3228,0.06456,0.00829802763919822,0.0051819375455613645,0.02152,heterogeneous-sig-scalar
0.0,0.00885866790410082,0.0,15,3,50000,5499,0.10998,0.008858667904100821,1.734723475976807e-18,0.03666,heterogeneous-sig-scalar
8.858667904100819e-05,0.00885866790410082,0.01,15,3,50000,5497,0.10994,0.008850499331848552,8.853690068845833e-05,0.03664666667,heterogeneous-sig-scalar
0.0026576003712302457,0.00885866790410082,0.3,15,3,50000,4763,0.09526,0.008674379064587973,0.0025145866974746116,0.03175333333,heterogeneous-sig-scalar
0.0053152007424604915,0.00885866790410082,0.6,15,3,50000,6135,0.1227,0.009268527730734966,0.004746738306462157,0.0409,heterogeneous-sig-scalar
0.007972801113690737,0.00885866790410082,0.9,15,3,50000,8095,0.1619,0.010365326412026726,0.0062363441846430565,0.05396666667,heterogeneous-sig-scalar
0.0,0.0112883789168469,0.0,15,3,50000,12678,0.25356,0.011288378916846904,3.469446951953614e-18,0.08452,heterogeneous-sig-scalar
0.000112883789168469,0.0112883789168469,0.01,15,3,50000,12572,0.25144,0.011293338530066815,0.00010798121736604313,0.08381333333,heterogeneous-sig-scalar
0.0033865136750540702,0.0112883789168469,0.3,15,3,50000,12002,0.24004,0.011132300289532293,0.0033670530433288237,0.08001333333,heterogeneous-sig-scalar
0.0067730273501081404,0.0112883789168469,0.6,15,3,50000,13006,0.26012,0.011820355100222717,0.005625323600183079,0.08670666667,heterogeneous-sig-scalar
0.01015954102516221,0.0112883789168469,0.9,15,3,50000,16648,0.33296,0.013350321069042315,0.00819723185170714,0.1109866667,heterogeneous-sig-scalar
0.0,0.0143844988828766,0.0,15,3,50000,20113,0.40226,0.014384498882876599,1.734723475976807e-18,0.1340866667,heterogeneous-sig-scalar
0.000143844988828766,0.0143844988828766,0.01,15,3,50000,19996,0.39992,0.014378398663697105,0.00014624147616984232,0.1333066667,heterogeneous-sig-scalar
0.00863069932972596,0.0143844988828766,0.6,15,3,50000,19117,0.38234,0.014627078619153674,0.007508432557668181,0.1274466667,heterogeneous-sig-scalar
0.00431534966486298,0.0143844988828766,0.3,15,3,50000,20525,0.4105,0.014723176169265034,0.004020584538027728,0.1368333333,heterogeneous-sig-scalar
0.01294604899458894,0.0143844988828766,0.9,15,3,50000,22519,0.45038,0.017711054024498886,0.010538434359314409,0.1501266667,heterogeneous-sig-scalar
0.0,0.0183298071083244,0.0,15,3,50000,23990,0.4798,0.018329807108324405,3.469446951953614e-18,0.1599333333,heterogeneous-sig-scalar
0.00018329807108324403,0.0183298071083244,0.01,15,3,50000,23909,0.47818,0.018315028953229402,0.00018554404818397962,0.1593933333,heterogeneous-sig-scalar
0.00549894213249732,0.0183298071083244,0.3,15,3,50000,24162,0.48324,0.018555697772828506,0.005490094719114623,0.16108,heterogeneous-sig-scalar
0.01099788426499464,0.0183298071083244,0.6,15,3,50000,23994,0.47988,0.01938402739420935,0.00987857274379027,0.15996,heterogeneous-sig-scalar
0.016496826397491962,0.0183298071083244,0.9,15,3,50000,24547,0.49094,0.022487524899777286,0.013793523789693809,0.1636466667,heterogeneous-sig-scalar
0.0,0.0233572146909012,0.0,15,3,50000,24942,0.49884,0.02335721469090119,6.938893903907228e-18,0.16628,heterogeneous-sig-scalar
0.00023357214690901198,0.0233572146909012,0.01,15,3,50000,24968,0.49936,0.023352536748329624,0.00022404847373446915,0.1664533333,heterogeneous-sig-scalar
0.0070071644072703596,0.0233572146909012,0.3,15,3,50000,25017,0.50034,0.023728230066815143,0.007277086014309078,0.16678,heterogeneous-sig-scalar
0.014014328814540719,0.0233572146909012,0.6,15,3,50000,24683,0.49366,0.024586317371937637,0.012901768002946793,0.1645533333,heterogeneous-sig-scalar
0.02102149322181108,0.0233572146909012,0.9,15,3,50000,24839,0.49678,0.02780497237639198,0.017556238332845617,0.1655933333,heterogeneous-sig-scalar
0.0,0.0297635144163132,0.0,15,3,50000,25001,0.50002,0.0297635144163132,0.0,0.1666733333,heterogeneous-sig-scalar
0.000297635144163132,0.0297635144163132,0.01,15,3,50000,25233,0.50466,0.029758378619153675,0.00030204304194354813,0.16822,heterogeneous-sig-scalar
0.00892905432489396,0.0297635144163132,0.3,15,3,50000,25114,0.50228,0.02935668864142539,0.008953170152062696,0.1674266667,heterogeneous-sig-scalar
0.01785810864978792,0.0297635144163132,0.6,15,3,50000,25074,0.50148,0.031168376708240537,0.01547909741631472,0.16716,heterogeneous-sig-scalar
0.02678716297468188,0.0297635144163132,0.9,15,3,50000,24950,0.499,0.035830611469933195,0.021843059999839105,0.1663333333,heterogeneous-sig-scalar
0.0,0.0379269019073225,0.0,15,3,50000,24779,0.49558,0.0379269019073225,0.0,0.1651933333,heterogeneous-sig-scalar
0.000379269019073225,0.0379269019073225,0.01,15,3,50000,24876,0.49752,0.03790478173719376,0.0003734398476925614,0.16584,heterogeneous-sig-scalar
0.01137807057219675,0.0379269019073225,0.3,15,3,50000,24995,0.4999,0.03796369420935412,0.01142246753177842,0.1666333333,heterogeneous-sig-scalar
0.0227561411443935,0.0379269019073225,0.6,15,3,50000,25176,0.50352,0.040877214766146995,0.02086407531250977,0.16784,heterogeneous-sig-scalar
0.03413421171659025,0.0379269019073225,0.9,15,3,50000,24938,0.49876,0.04663907946547884,0.02798125699118333,0.1662533333,heterogeneous-sig-scalar
0.0,0.0483293023857175,0.0,15,3,50000,24744,0.49488,0.0483293023857175,0.0,0.16496,heterogeneous-sig-scalar
0.000483293023857175,0.0483293023857175,0.01,15,3,50000,25146,0.50292,0.04832641202672606,0.0004833019704069426,0.16764,heterogeneous-sig-scalar
0.014498790715715248,0.0483293023857175,0.3,15,3,50000,24896,0.49792,0.04778602538975501,0.01377896562089981,0.1659733333,heterogeneous-sig-scalar
0.028997581431430497,0.0483293023857175,0.6,15,3,50000,25069,0.50138,0.05041999746102449,0.024847878466972683,0.1671266667,heterogeneous-sig-scalar
0.043496372147145745,0.0483293023857175,0.9,15,3,50000,25065,0.5013,0.05878725414253898,0.03438856049398046,0.1671,heterogeneous-sig-scalar
0.0,0.0615848211066026,0.0,15,3,50000,24879,0.49758,0.06158482110660258,2.0816681711721685e-17,0.16586,heterogeneous-sig-scalar
0.000615848211066026,0.0615848211066026,0.01,15,3,50000,24991,0.49982,0.06163683296213809,0.0005965111679043868,0.1666066667,heterogeneous-sig-scalar
0.01847544633198078,0.0615848211066026,0.3,15,3,50000,24979,0.49958,0.06178994699331848,0.017275997192886954,0.1665266667,heterogeneous-sig-scalar
0.03695089266396156,0.0615848211066026,0.6,15,3,50000,25065,0.5013,0.0649017886414254,0.03148724932489553,0.1671,heterogeneous-sig-scalar
0.05542633899594234,0.0615848211066026,0.9,15,3,50000,24815,0.4963,0.07582962338530068,0.04339568689644729,0.1654333333,heterogeneous-sig-scalar
0.0,0.0784759970351461,0.0,15,3,50000,24911,0.49822,0.0784759970351461,0.0,0.1660733333,heterogeneous-sig-scalar
0.000784759970351461,0.0784759970351461,0.01,15,3,50000,24851,0.49702,0.0784941692650334,0.0007783188540758392,0.1656733333,heterogeneous-sig-scalar
0.02354279911054383,0.0784759970351461,0.3,15,3,50000,24775,0.4955,0.07884678173719376,0.02295768703451271,0.1651666667,heterogeneous-sig-scalar
0.04708559822108766,0.0784759970351461,0.6,15,3,50000,25090,0.5018,0.08723229004454343,0.044232660957435395,0.1672666667,heterogeneous-sig-scalar
0.0706283973316315,0.0784759970351461,0.9,15,3,50000,24924,0.49848,0.09853872694877507,0.05908460109335888,0.16616,heterogeneous-sig-scalar
0.0,0.1,0.0,15,3,50000,25016,0.50032,0.10000000000000002,1.3877787807814457e-17,0.1667733333,heterogeneous-sig-scalar
0.001,0.1,0.01,15,3,50000,25075,0.5015,0.09994910022271714,0.0010015086509504955,0.1671666667,heterogeneous-sig-scalar
0.03,0.1,0.3,15,3,50000,25067,0.50134,0.10144133407572384,0.031917038990197016,0.1671133333,heterogeneous-sig-scalar
0.06,0.1,0.6,15,3,50000,25094,0.50188,0.10298525256124721,0.05131895999286356,0.1672933333,heterogeneous-sig-scalar
0.09000000000000001,0.1,0.9,15,3,50000,24813,0.49626,0.12547949579064588,0.07579213369401608,0.16542,heterogeneous-sig-scalar
0.0006,0.001,0.6,17,3,50000,0,0.0,0.0010612756105719237,0.0005210074243214675,0.0,heterogeneous-sig-scalar
1e-05,0.001,0.01,17,3,50000,0,0.0,0.0010000313864818025,1.0033551452507329e-05,0.0,heterogeneous-sig-scalar
0.0003,0.001,0.3,17,3,50000,0,0.0,0.0009839596360485267,0.0002903969331520158,0.0,heterogeneous-sig-scalar
0.0,0.001,0.0,17,3,50000,0,0.0,0.001,0.0,0.0,heterogeneous-sig-scalar
0.0009000000000000001,0.001,0.9,17,3,50000,0,0.0,0.0012847911665511264,0.000724283646686883,0.0,heterogeneous-sig-scalar
1.6237767391887198e-05,0.00162377673918872,0.01,17,3,50000,0,0.0,0.001624191854419411,1.5960860474873852e-05,0.0,heterogeneous-sig-scalar
0.0,0.00127427498570313,0.0,17,3,50000,0,0.0,0.0012742749857031297,2.168404344971009e-19,0.0,heterogeneous-sig-scalar
0.000382282495710939,0.00127427498570313,0.3,17,3,50000,0,0.0,0.0012755828942807624,0.00035437848829045335,0.0,heterogeneous-sig-scalar
0.0,0.00162377673918872,0.0,17,3,50000,0,0.0,0.0016237767391887197,2.168404344971009e-19,0.0,heterogeneous-sig-scalar
0.001146847487132817,0.00127427498570313,0.9,17,3,50000,0,0.0,0.0015391172901213172,0.0009072327945597335,0.0,heterogeneous-sig-scalar
0.000764564991421878,0.00127427498570313,0.6,17,3,50000,0,0.0,0.0013960565265164644,0.0006963855955667758,0.0,heterogeneous-sig-scalar
1.27427498570313e-05,0.00127427498570313,0.01,17,3,50000,0,0.0,0.0012742488734835357,1.3248329528639382e-05,0.0,heterogeneous-sig-scalar
0.000487133021756616,0.00162377673918872,0.3,17,3,50000,0,0.0,0.001663353396880416,0.0005000370644618272,0.0,heterogeneous-sig-scalar
0.000974266043513232,0.00162377673918872,0.6,17,3,50000,0,0.0,0.0017634023958405544,0.0008640387601605323,0.0,heterogeneous-sig-scalar
0.001461399065269848,0.00162377673918872,0.9,17,3,50000,1,2e-05,0.0019616717036395146,0.0012049990095457947,6.666666667e-06,heterogeneous-sig-scalar
0.0,0.00206913808111479,0.0,17,3,50000,1,2e-05,0.00206913808111479,0.0,6.666666667e-06,heterogeneous-sig-scalar
2.06913808111479e-05,0.00206913808111479,0.01,17,3,50000,0,0.0,0.0020676188908145578,2.047648793653626e-05,0.0,heterogeneous-sig-scalar
0.000620741424334437,0.00206913808111479,0.3,17,3,50000,0,0.0,0.002113881837088388,0.0005912403237548277,0.0,heterogeneous-sig-scalar
0.001241482848668874,0.00206913808111479,0.6,17,3,50000,0,0.0,0.0022108817535528595,0.00112222794450195,0.0,heterogeneous-sig-scalar
0.0,0.00263665089873036,0.0,17,3,50000,2,4e-05,0.0026366508987303596,4.336808689942018e-19,1.333333333e-05,heterogeneous-sig-scalar
0.0018622242730033111,0.00206913808111479,0.9,17,3,50000,1,2e-05,0.0025359968259965338,0.0015368685936162254,6.666666667e-06,heterogeneous-sig-scalar
2.63665089873036e-05,0.00263665089873036,0.01,17,3,50000,1,2e-05,0.002636210225303293,2.5881666110919937e-05,6.666666667e-06,heterogeneous-sig-scalar
0.000790995269619108,0.00263665089873036,0.3,17,3,50000,0,0.0,0.002707768180242634,0.0007491447739104089,0.0,heterogeneous-sig-scalar
0.001581990539238216,0.00263665089873036,0.6,17,3,50000,1,2e-05,0.0027459067001733106,0.0014339649246699628,6.666666667e-06,heterogeneous-sig-scalar
0.002372985808857324,0.00263665089873036,0.9,17,3,50000,2,4e-05,0.0031068291490467938,0.0018880834161595407,1.333333333e-05,heterogeneous-sig-scalar
0.0,0.00335981828628378,0.0,17,3,50000,7,0.00014,0.003359818286283781,8.673617379884035e-19,4.666666667e-05,heterogeneous-sig-scalar
3.35981828628378e-05,0.00335981828628378,0.01,17,3,50000,14,0.00028,0.0033600585788561526,3.494820728498707e-05,9.333333333e-05,heterogeneous-sig-scalar
0.001007945485885134,0.00335981828628378,0.3,17,3,50000,7,0.00014,0.0033717832928942806,0.0009973960008583108,4.666666667e-05,heterogeneous-sig-scalar
0.002015890971770268,0.00335981828628378,0.6,17,3,50000,7,0.00014,0.003543793870017331,0.0018944443568460175,4.666666667e-05,heterogeneous-sig-scalar
0.003023836457655402,0.00335981828628378,0.9,17,3,50000,17,0.00034,0.004068733079896014,0.0024802965051271535,0.0001133333333,heterogeneous-sig-scalar
0.0,0.0042813323987194,0.0,17,3,50000,69,0.00138,0.0042813323987194,0.0,0.00046,heterogeneous-sig-scalar
4.2813323987194e-05,0.0042813323987194,0.01,17,3,50000,55,0.0011,0.004280105372616984,4.2337281392940644e-05,0.0003666666667,heterogeneous-sig-scalar
0.00128439971961582,0.0042813323987194,0.3,17,3,50000,41,0.00082,0.0042140674176776435,0.0012666528916261584,0.0002733333333,heterogeneous-sig-scalar
0.00256879943923164,0.0042813323987194,0.6,17,3,50000,84,0.00168,0.004679182819757366,0.0024229931050685225,0.00056,heterogeneous-sig-scalar
0.0038531991588474602,0.0042813323987194,0.9,17,3,50000,126,0.00252,0.005239769233968804,0.0032231962548676285,0.00084,heterogeneous-sig-scalar
0.0,0.00545559478116852,0.0,17,3,50000,272,0.00544,0.00545559478116852,0.0,0.001813333333,heterogeneous-sig-scalar
5.45559478116852e-05,0.00545559478116852,0.01,17,3,50000,276,0.00552,0.005456069670710572,5.315083111202026e-05,0.00184,heterogeneous-sig-scalar
0.0016366784343505559,0.00545559478116852,0.3,17,3,50000,319,0.00638,0.005486936568457538,0.0016068887098320773,0.002126666667,heterogeneous-sig-scalar
0.0032733568687011117,0.00545559478116852,0.6,17,3,50000,331,0.00662,0.005904095105719238,0.0029656277287872365,0.002206666667,heterogeneous-sig-scalar
0.004910035303051668,0.00545559478116852,0.9,17,3,50000,896,0.01792,0.006660740327556326,0.004134359699558972,0.005973333333,heterogeneous-sig-scalar
0.0,0.0069519279617756,0.0,17,3,50000,1452,0.02904,0.0069519279617756,0.0,0.00968,heterogeneous-sig-scalar
6.9519279617756e-05,0.0069519279617756,0.01,17,3,50000,1439,0.02878,0.006953442634315424,7.080757275243644e-05,0.009593333333,heterogeneous-sig-scalar
0.00208557838853268,0.0069519279617756,0.3,17,3,50000,1327,0.02654,0.007023603188908145,0.0021602858199494695,0.008846666667,heterogeneous-sig-scalar
0.00417115677706536,0.0069519279617756,0.6,17,3,50000,1669,0.03338,0.007467992953206239,0.0038329288519019147,0.01112666667,heterogeneous-sig-scalar
0.006256735165598041,0.0069519279617756,0.9,17,3,50000,3178,0.06356,0.008525456856152512,0.005230921002677481,0.02118666667,heterogeneous-sig-scalar
0.0,0.00885866790410082,0.0,17,3,50000,5301,0.10602,0.008858667904100821,1.734723475976807e-18,0.03534,heterogeneous-sig-scalar
8.858667904100819e-05,0.00885866790410082,0.01,17,3,50000,5323,0.10646,0.008854833102253034,8.864961540536923e-05,0.03548666667,heterogeneous-sig-scalar
0.0026576003712302457,0.00885866790410082,0.3,17,3,50000,4793,0.09586,0.00889807958405546,0.0026732382069061694,0.03195333333,heterogeneous-sig-scalar
0.0053152007424604915,0.00885866790410082,0.6,17,3,50000,6165,0.1233,0.0095868775389948,0.004804596491405695,0.0411,heterogeneous-sig-scalar
0.007972801113690737,0.00885866790410082,0.9,17,3,50000,10443,0.20886,0.010866171902946274,0.00672447001178085,0.06962,heterogeneous-sig-scalar
0.0,0.0112883789168469,0.0,17,3,50000,13008,0.26016,0.011288378916846904,3.469446951953614e-18,0.08672,heterogeneous-sig-scalar
0.000112883789168469,0.0112883789168469,0.01,17,3,50000,12860,0.2572,0.011285646447140382,0.0001076772882146271,0.08573333333,heterogeneous-sig-scalar
0.0033865136750540702,0.0112883789168469,0.3,17,3,50000,11766,0.23532,0.011217439358752166,0.0034159929411129576,0.07844,heterogeneous-sig-scalar
0.0067730273501081404,0.0112883789168469,0.6,17,3,50000,13654,0.27308,0.012204288563258232,0.006248987090164153,0.09102666667,heterogeneous-sig-scalar
0.01015954102516221,0.0112883789168469,0.9,17,3,50000,18478,0.36956,0.014223152802426342,0.008596581288321067,0.1231866667,heterogeneous-sig-scalar
0.0,0.0143844988828766,0.0,17,3,50000,20773,0.41546,0.014384498882876602,1.734723475976807e-18,0.1384866667,heterogeneous-sig-scalar
0.000143844988828766,0.0143844988828766,0.01,17,3,50000,20931,0.41862,0.014381603119584056,0.00014586343720283438,0.13954,heterogeneous-sig-scalar
0.00431534966486298,0.0143844988828766,0.3,17,3,50000,19731,0.39462,0.0140530143847487,0.004226762347187554,0.13154,heterogeneous-sig-scalar
0.00863069932972596,0.0143844988828766,0.6,17,3,50000,21288,0.42576,0.01517071478336222,0.007641964540655933,0.14192,heterogeneous-sig-scalar
0.01294604899458894,0.0143844988828766,0.9,17,3,50000,23277,0.46554,0.017419748043327556,0.01012634149741221,0.15518,heterogeneous-sig-scalar
0.0,0.0183298071083244,0.0,17,3,50000,24272,0.48544,0.018329807108324405,3.469446951953614e-18,0.1618133333,heterogeneous-sig-scalar
0.00018329807108324403,0.0183298071083244,0.01,17,3,50000,24192,0.48384,0.018335939341421144,0.00019176191584635276,0.16128,heterogeneous-sig-scalar
0.00549894213249732,0.0183298071083244,0.3,17,3,50000,24128,0.48256,0.018350345927209705,0.005618499891482986,0.1608533333,heterogeneous-sig-scalar
0.01099788426499464,0.0183298071083244,0.6,17,3,50000,24351,0.48702,0.018858317521663778,0.009856698434227413,0.16234,heterogeneous-sig-scalar
0.016496826397491962,0.0183298071083244,0.9,17,3,50000,24927,0.49854,0.02278326247833622,0.013346469446517671,0.16618,heterogeneous-sig-scalar
0.0,0.0233572146909012,0.0,17,3,50000,24767,0.49534,0.023357214690901195,3.469446951953614e-18,0.1651133333,heterogeneous-sig-scalar
0.00023357214690901198,0.0233572146909012,0.01,17,3,50000,25208,0.50416,0.023355273830155978,0.0002381990732571838,0.1680533333,heterogeneous-sig-scalar
0.0070071644072703596,0.0233572146909012,0.3,17,3,50000,25085,0.5017,0.023214557192374353,0.007068920191942797,0.1672333333,heterogeneous-sig-scalar
0.014014328814540719,0.0233572146909012,0.6,17,3,50000,24788,0.49576,0.02513056902946274,0.01237730362168515,0.1652533333,heterogeneous-sig-scalar
0.02102149322181108,0.0233572146909012,0.9,17,3,50000,25083,0.50166,0.02833912481802426,0.017546042569530726,0.16722,heterogeneous-sig-scalar
0.0,0.0297635144163132,0.0,17,3,50000,25070,0.5014,0.029763514416313204,3.469446951953614e-18,0.1671333333,heterogeneous-sig-scalar
0.000297635144163132,0.0297635144163132,0.01,17,3,50000,24945,0.4989,0.029760282495667246,0.00029845102990260256,0.1663,heterogeneous-sig-scalar
0.00892905432489396,0.0297635144163132,0.3,17,3,50000,24992,0.49984,0.029793268457538997,0.008838778156622441,0.1666133333,heterogeneous-sig-scalar
0.01785810864978792,0.0297635144163132,0.6,17,3,50000,24978,0.49956,0.03238073909878683,0.015890244621690672,0.16652,heterogeneous-sig-scalar
0.02678716297468188,0.0297635144163132,0.9,17,3,50000,25087,0.50174,0.03626845516464471,0.02144750471834249,0.1672466667,heterogeneous-sig-scalar
0.0,0.0379269019073225,0.0,17,3,50000,24909,0.49818,0.0379269019073225,0.0,0.16606,heterogeneous-sig-scalar
0.000379269019073225,0.0379269019073225,0.01,17,3,50000,24948,0.49896,0.03791755632582323,0.00037935345987698943,0.16632,heterogeneous-sig-scalar
0.01137807057219675,0.0379269019073225,0.3,17,3,50000,24986,0.49972,0.03832279410745234,0.01163822759176615,0.1665733333,heterogeneous-sig-scalar
0.0227561411443935,0.0379269019073225,0.6,17,3,50000,25048,0.50096,0.03971230575389948,0.020354909930145052,0.1669866667,heterogeneous-sig-scalar
0.03413421171659025,0.0379269019073225,0.9,17,3,50000,24981,0.49962,0.04619396776429809,0.027206379656241064,0.16654,heterogeneous-sig-scalar
0.0,0.0483293023857175,0.0,17,3,50000,25027,0.50054,0.0483293023857175,0.0,0.1668466667,heterogeneous-sig-scalar
0.000483293023857175,0.0483293023857175,0.01,17,3,50000,25049,0.50098,0.048320422876949744,0.0004778358651978377,0.1669933333,heterogeneous-sig-scalar
0.014498790715715248,0.0483293023857175,0.3,17,3,50000,25074,0.50148,0.048913200866551126,0.014671049822927135,0.16716,heterogeneous-sig-scalar
0.028997581431430497,0.0483293023857175,0.6,17,3,50000,25108,0.50216,0.05046560412478336,0.026560391946305315,0.1673866667,heterogeneous-sig-scalar
0.043496372147145745,0.0483293023857175,0.9,17,3,50000,24918,0.49836,0.05954450336395148,0.03733926227721293,0.16612,heterogeneous-sig-scalar
0.0,0.0615848211066026,0.0,17,3,50000,24938,0.49876,0.06158482110660258,2.0816681711721685e-17,0.1662533333,heterogeneous-sig-scalar
0.000615848211066026,0.0615848211066026,0.01,17,3,50000,24873,0.49746,0.061584185441941074,0.0006250941796046293,0.16582,heterogeneous-sig-scalar
0.01847544633198078,0.0615848211066026,0.3,17,3,50000,25110,0.5022,0.061910371785095314,0.019592025733713374,0.1674,heterogeneous-sig-scalar
0.03695089266396156,0.0615848211066026,0.6,17,3,50000,24992,0.49984,0.06700924081455806,0.03304513465583543,0.1666133333,heterogeneous-sig-scalar
0.05542633899594234,0.0615848211066026,0.9,17,3,50000,24940,0.4988,0.07352761003986134,0.04419223545391334,0.1662666667,heterogeneous-sig-scalar
0.0,0.0784759970351461,0.0,17,3,50000,25048,0.50096,0.07847599703514609,1.3877787807814457e-17,0.1669866667,heterogeneous-sig-scalar
0.000784759970351461,0.0784759970351461,0.01,17,3,50000,24875,0.4975,0.07842482149046794,0.0007844808531988272,0.1658333333,heterogeneous-sig-scalar
0.02354279911054383,0.0784759970351461,0.3,17,3,50000,25012,0.50024,0.0773647677642981,0.023602487947276925,0.1667466667,heterogeneous-sig-scalar
0.04708559822108766,0.0784759970351461,0.6,17,3,50000,25063,0.50126,0.08286277393414211,0.04116557309730577,0.1670866667,heterogeneous-sig-scalar
0.0706283973316315,0.0784759970351461,0.9,17,3,50000,25038,0.50076,0.09685584374350088,0.05763260307932257,0.16692,heterogeneous-sig-scalar
0.0,0.1,0.0,17,3,50000,25065,0.5013,0.09999999999999999,1.3877787807814457e-17,0.1671,heterogeneous-sig-scalar
0.001,0.1,0.01,17,3,50000,24929,0.49858,0.09997858405545927,0.0010213059860352607,0.1661933333,heterogeneous-sig-scalar
0.03,0.1,0.3,17,3,50000,24936,0.49872,0.09925196013864818,0.029963933691300338,0.16624,heterogeneous-sig-scalar
0.06,0.1,0.6,17,3,50000,25056,0.50112,0.1041041157712305,0.05305523127521281,0.16704,heterogeneous-sig-scalar
0.09000000000000001,0.1,0.9,17,3,50000,25270,0.5054,0.12245903421143849,0.07462622537070103,0.1684666667,heterogeneous-sig-scalar
